2026-07-21 08:49:02 [JavaFX Application Thread] INFO  com.prisma.App - Démarrage de l'application PRISMA...
2026-07-21 08:49:03 [Thread-2] INFO  c.p.d.DatabaseConnectionManager - Initialisation de la SessionFactory Hibernate...
2026-07-21 08:49:04 [Thread-2] INFO  c.p.d.DatabaseConnectionManager - Chargement des configurations depuis database.properties...
2026-07-21 08:49:04 [Thread-2] ERROR c.p.d.DatabaseConnectionManager - Échec de la création de la SessionFactory Hibernate.
org.hibernate.service.spi.ServiceException: Unable to create requested service [org.hibernate.engine.jdbc.env.spi.JdbcEnvironment] due to: Error calling Driver#connect [Connection to localhost:5433 refused. Check that the hostname and port are correct and that the postmaster is accepting TCP/IP connections.] [null]
	at org.hibernate.service.internal.AbstractServiceRegistryImpl.createService(AbstractServiceRegistryImpl.java:276)
	at org.hibernate.service.internal.AbstractServiceRegistryImpl.initializeService(AbstractServiceRegistryImpl.java:238)
	at org.hibernate.service.internal.AbstractServiceRegistryImpl.getService(AbstractServiceRegistryImpl.java:215)
	at org.hibernate.boot.model.relational.Database.<init>(Database.java:45)
	at org.hibernate.boot.internal.InFlightMetadataCollectorImpl.getDatabase(InFlightMetadataCollectorImpl.java:223)
	at org.hibernate.boot.internal.InFlightMetadataCollectorImpl.<init>(InFlightMetadataCollectorImpl.java:191)
	at org.hibernate.boot.model.process.spi.MetadataBuildingProcess.complete(MetadataBuildingProcess.java:170)
	at org.hibernate.boot.model.process.spi.MetadataBuildingProcess.build(MetadataBuildingProcess.java:129)
	at org.hibernate.boot.internal.MetadataBuilderImpl.build(MetadataBuilderImpl.java:449)
	at org.hibernate.boot.internal.MetadataBuilderImpl.build(MetadataBuilderImpl.java:101)
	at org.hibernate.cfg.Configuration.buildSessionFactory(Configuration.java:910)
	at org.hibernate.cfg.Configuration.buildSessionFactory(Configuration.java:960)
	at com.prisma.database.DatabaseConnectionManager.getSessionFactory(DatabaseConnectionManager.java:56)
	at com.prisma.App$1.call(App.java:47)
	at com.prisma.App$1.call(App.java:1)
	at javafx.graphics@21.0.2/javafx.concurrent.Task$TaskCallable.call(Task.java:1399)
	at java.base/java.util.concurrent.FutureTask.run(FutureTask.java:328)
	at java.base/java.lang.Thread.run(Thread.java:1474)
Caused by: org.hibernate.exception.JDBCConnectionException: Error calling Driver#connect [Connection to localhost:5433 refused. Check that the hostname and port are correct and that the postmaster is accepting TCP/IP connections.] [null]
	at org.hibernate.exception.internal.SQLStateConversionDelegate.convert(SQLStateConversionDelegate.java:100)
	at org.hibernate.exception.internal.StandardSQLExceptionConverter.convert(StandardSQLExceptionConverter.java:58)
	at org.hibernate.engine.jdbc.spi.SqlExceptionHelper.convert(SqlExceptionHelper.java:108)
	at org.hibernate.engine.jdbc.connections.internal.BasicConnectionCreator.convertSqlException(BasicConnectionCreator.java:134)
	at org.hibernate.engine.jdbc.connections.internal.DriverConnectionCreator.makeConnection(DriverConnectionCreator.java:43)
	at org.hibernate.engine.jdbc.connections.internal.BasicConnectionCreator.createConnection(BasicConnectionCreator.java:61)
	at org.hibernate.engine.jdbc.connections.internal.DriverManagerConnectionProviderImpl$PooledConnections.addConnections(DriverManagerConnectionProviderImpl.java:499)
	at org.hibernate.engine.jdbc.connections.internal.DriverManagerConnectionProviderImpl$PooledConnections.<init>(DriverManagerConnectionProviderImpl.java:372)
	at org.hibernate.engine.jdbc.connections.internal.DriverManagerConnectionProviderImpl$PooledConnections$Builder.build(DriverManagerConnectionProviderImpl.java:550)
	at org.hibernate.engine.jdbc.connections.internal.DriverManagerConnectionProviderImpl.buildPool(DriverManagerConnectionProviderImpl.java:102)
	at org.hibernate.engine.jdbc.connections.internal.DriverManagerConnectionProviderImpl.configure(DriverManagerConnectionProviderImpl.java:82)
	at org.hibernate.boot.registry.internal.StandardServiceRegistryImpl.configureService(StandardServiceRegistryImpl.java:136)
	at org.hibernate.service.internal.AbstractServiceRegistryImpl.initializeService(AbstractServiceRegistryImpl.java:247)
	at org.hibernate.service.internal.AbstractServiceRegistryImpl.getService(AbstractServiceRegistryImpl.java:215)
	at org.hibernate.engine.jdbc.env.internal.JdbcEnvironmentInitiator.buildJdbcConnectionAccess(JdbcEnvironmentInitiator.java:395)
	at org.hibernate.engine.jdbc.env.internal.JdbcEnvironmentInitiator.getJdbcEnvironmentUsingJdbcMetadata(JdbcEnvironmentInitiator.java:262)
	at org.hibernate.engine.jdbc.env.internal.JdbcEnvironmentInitiator.initiateService(JdbcEnvironmentInitiator.java:107)
	at org.hibernate.engine.jdbc.env.internal.JdbcEnvironmentInitiator.initiateService(JdbcEnvironmentInitiator.java:68)
	at org.hibernate.boot.registry.internal.StandardServiceRegistryImpl.initiateService(StandardServiceRegistryImpl.java:130)
	at org.hibernate.service.internal.AbstractServiceRegistryImpl.createService(AbstractServiceRegistryImpl.java:263)
	... 17 common frames omitted
Caused by: org.postgresql.util.PSQLException: Connection to localhost:5433 refused. Check that the hostname and port are correct and that the postmaster is accepting TCP/IP connections.
	at org.postgresql.core.v3.ConnectionFactoryImpl.openConnectionImpl(ConnectionFactoryImpl.java:346)
	at org.postgresql.core.ConnectionFactory.openConnection(ConnectionFactory.java:54)
	at org.postgresql.jdbc.PgConnection.<init>(PgConnection.java:273)
	at org.postgresql.Driver.makeConnection(Driver.java:446)
	at org.postgresql.Driver.connect(Driver.java:298)
	at org.hibernate.engine.jdbc.connections.internal.DriverConnectionCreator.makeConnection(DriverConnectionCreator.java:40)
	... 32 common frames omitted
Caused by: java.net.ConnectException: Connexion refusée
	at java.base/sun.nio.ch.Net.pollConnect(Native Method)
	at java.base/sun.nio.ch.Net.pollConnectNow(Net.java:639)
	at java.base/sun.nio.ch.NioSocketImpl.timedFinishConnect(NioSocketImpl.java:543)
	at java.base/sun.nio.ch.NioSocketImpl.connect(NioSocketImpl.java:594)
	at java.base/java.net.SocksSocketImpl.connect(SocksSocketImpl.java:284)
	at java.base/java.net.Socket.connect(Socket.java:659)
	at org.postgresql.core.PGStream.createSocket(PGStream.java:243)
	at org.postgresql.core.PGStream.<init>(PGStream.java:98)
	at org.postgresql.core.v3.ConnectionFactoryImpl.tryConnect(ConnectionFactoryImpl.java:136)
	at org.postgresql.core.v3.ConnectionFactoryImpl.openConnectionImpl(ConnectionFactoryImpl.java:262)
	... 37 common frames omitted
2026-07-21 08:49:04 [JavaFX Application Thread] ERROR com.prisma.App - Échec de l'initialisation
com.prisma.exception.DatabaseException: Impossible de se connecter à la base de données locale.
	at com.prisma.database.DatabaseConnectionManager.getSessionFactory(DatabaseConnectionManager.java:63)
	at com.prisma.App$1.call(App.java:47)
	at com.prisma.App$1.call(App.java:1)
	at javafx.graphics@21.0.2/javafx.concurrent.Task$TaskCallable.call(Task.java:1399)
	at java.base/java.util.concurrent.FutureTask.run(FutureTask.java:328)
	at java.base/java.lang.Thread.run(Thread.java:1474)
Caused by: org.hibernate.service.spi.ServiceException: Unable to create requested service [org.hibernate.engine.jdbc.env.spi.JdbcEnvironment] due to: Error calling Driver#connect [Connection to localhost:5433 refused. Check that the hostname and port are correct and that the postmaster is accepting TCP/IP connections.] [null]
	at org.hibernate.service.internal.AbstractServiceRegistryImpl.createService(AbstractServiceRegistryImpl.java:276)
	at org.hibernate.service.internal.AbstractServiceRegistryImpl.initializeService(AbstractServiceRegistryImpl.java:238)
	at org.hibernate.service.internal.AbstractServiceRegistryImpl.getService(AbstractServiceRegistryImpl.java:215)
	at org.hibernate.boot.model.relational.Database.<init>(Database.java:45)
	at org.hibernate.boot.internal.InFlightMetadataCollectorImpl.getDatabase(InFlightMetadataCollectorImpl.java:223)
	at org.hibernate.boot.internal.InFlightMetadataCollectorImpl.<init>(InFlightMetadataCollectorImpl.java:191)
	at org.hibernate.boot.model.process.spi.MetadataBuildingProcess.complete(MetadataBuildingProcess.java:170)
	at org.hibernate.boot.model.process.spi.MetadataBuildingProcess.build(MetadataBuildingProcess.java:129)
	at org.hibernate.boot.internal.MetadataBuilderImpl.build(MetadataBuilderImpl.java:449)
	at org.hibernate.boot.internal.MetadataBuilderImpl.build(MetadataBuilderImpl.java:101)
	at org.hibernate.cfg.Configuration.buildSessionFactory(Configuration.java:910)
	at org.hibernate.cfg.Configuration.buildSessionFactory(Configuration.java:960)
	at com.prisma.database.DatabaseConnectionManager.getSessionFactory(DatabaseConnectionManager.java:56)
	... 5 common frames omitted
Caused by: org.hibernate.exception.JDBCConnectionException: Error calling Driver#connect [Connection to localhost:5433 refused. Check that the hostname and port are correct and that the postmaster is accepting TCP/IP connections.] [null]
	at org.hibernate.exception.internal.SQLStateConversionDelegate.convert(SQLStateConversionDelegate.java:100)
	at org.hibernate.exception.internal.StandardSQLExceptionConverter.convert(StandardSQLExceptionConverter.java:58)
	at org.hibernate.engine.jdbc.spi.SqlExceptionHelper.convert(SqlExceptionHelper.java:108)
	at org.hibernate.engine.jdbc.connections.internal.BasicConnectionCreator.convertSqlException(BasicConnectionCreator.java:134)
	at org.hibernate.engine.jdbc.connections.internal.DriverConnectionCreator.makeConnection(DriverConnectionCreator.java:43)
	at org.hibernate.engine.jdbc.connections.internal.BasicConnectionCreator.createConnection(BasicConnectionCreator.java:61)
	at org.hibernate.engine.jdbc.connections.internal.DriverManagerConnectionProviderImpl$PooledConnections.addConnections(DriverManagerConnectionProviderImpl.java:499)
	at org.hibernate.engine.jdbc.connections.internal.DriverManagerConnectionProviderImpl$PooledConnections.<init>(DriverManagerConnectionProviderImpl.java:372)
	at org.hibernate.engine.jdbc.connections.internal.DriverManagerConnectionProviderImpl$PooledConnections$Builder.build(DriverManagerConnectionProviderImpl.java:550)
	at org.hibernate.engine.jdbc.connections.internal.DriverManagerConnectionProviderImpl.buildPool(DriverManagerConnectionProviderImpl.java:102)
	at org.hibernate.engine.jdbc.connections.internal.DriverManagerConnectionProviderImpl.configure(DriverManagerConnectionProviderImpl.java:82)
	at org.hibernate.boot.registry.internal.StandardServiceRegistryImpl.configureService(StandardServiceRegistryImpl.java:136)
	at org.hibernate.service.internal.AbstractServiceRegistryImpl.initializeService(AbstractServiceRegistryImpl.java:247)
	at org.hibernate.service.internal.AbstractServiceRegistryImpl.getService(AbstractServiceRegistryImpl.java:215)
	at org.hibernate.engine.jdbc.env.internal.JdbcEnvironmentInitiator.buildJdbcConnectionAccess(JdbcEnvironmentInitiator.java:395)
	at org.hibernate.engine.jdbc.env.internal.JdbcEnvironmentInitiator.getJdbcEnvironmentUsingJdbcMetadata(JdbcEnvironmentInitiator.java:262)
	at org.hibernate.engine.jdbc.env.internal.JdbcEnvironmentInitiator.initiateService(JdbcEnvironmentInitiator.java:107)
	at org.hibernate.engine.jdbc.env.internal.JdbcEnvironmentInitiator.initiateService(JdbcEnvironmentInitiator.java:68)
	at org.hibernate.boot.registry.internal.StandardServiceRegistryImpl.initiateService(StandardServiceRegistryImpl.java:130)
	at org.hibernate.service.internal.AbstractServiceRegistryImpl.createService(AbstractServiceRegistryImpl.java:263)
	... 17 common frames omitted
Caused by: org.postgresql.util.PSQLException: Connection to localhost:5433 refused. Check that the hostname and port are correct and that the postmaster is accepting TCP/IP connections.
	at org.postgresql.core.v3.ConnectionFactoryImpl.openConnectionImpl(ConnectionFactoryImpl.java:346)
	at org.postgresql.core.ConnectionFactory.openConnection(ConnectionFactory.java:54)
	at org.postgresql.jdbc.PgConnection.<init>(PgConnection.java:273)
	at org.postgresql.Driver.makeConnection(Driver.java:446)
	at org.postgresql.Driver.connect(Driver.java:298)
	at org.hibernate.engine.jdbc.connections.internal.DriverConnectionCreator.makeConnection(DriverConnectionCreator.java:40)
	... 32 common frames omitted
Caused by: java.net.ConnectException: Connexion refusée
	at java.base/sun.nio.ch.Net.pollConnect(Native Method)
	at java.base/sun.nio.ch.Net.pollConnectNow(Net.java:639)
	at java.base/sun.nio.ch.NioSocketImpl.timedFinishConnect(NioSocketImpl.java:543)
	at java.base/sun.nio.ch.NioSocketImpl.connect(NioSocketImpl.java:594)
	at java.base/java.net.SocksSocketImpl.connect(SocksSocketImpl.java:284)
	at java.base/java.net.Socket.connect(Socket.java:659)
	at org.postgresql.core.PGStream.createSocket(PGStream.java:243)
	at org.postgresql.core.PGStream.<init>(PGStream.java:98)
	at org.postgresql.core.v3.ConnectionFactoryImpl.tryConnect(ConnectionFactoryImpl.java:136)
	at org.postgresql.core.v3.ConnectionFactoryImpl.openConnectionImpl(ConnectionFactoryImpl.java:262)
	... 37 common frames omitted
2026-07-21 08:49:09 [JavaFX Application Thread] INFO  com.prisma.App - Fermeture de l'application PRISMA...
2026-07-21 08:57:58 [main] INFO  c.p.d.DatabaseConnectionManager - Initialisation de la SessionFactory Hibernate...
2026-07-21 08:57:58 [main] INFO  c.p.d.DatabaseConnectionManager - Chargement des configurations depuis database.properties...
2026-07-21 08:57:59 [main] ERROR c.p.d.DatabaseConnectionManager - Échec de la création de la SessionFactory Hibernate.
org.hibernate.service.spi.ServiceException: Unable to create requested service [org.hibernate.engine.jdbc.env.spi.JdbcEnvironment] due to: Error calling Driver#connect [Connection to localhost:5433 refused. Check that the hostname and port are correct and that the postmaster is accepting TCP/IP connections.] [null]
	at org.hibernate.service.internal.AbstractServiceRegistryImpl.createService(AbstractServiceRegistryImpl.java:276)
	at org.hibernate.service.internal.AbstractServiceRegistryImpl.initializeService(AbstractServiceRegistryImpl.java:238)
	at org.hibernate.service.internal.AbstractServiceRegistryImpl.getService(AbstractServiceRegistryImpl.java:215)
	at org.hibernate.boot.model.relational.Database.<init>(Database.java:45)
	at org.hibernate.boot.internal.InFlightMetadataCollectorImpl.getDatabase(InFlightMetadataCollectorImpl.java:223)
	at org.hibernate.boot.internal.InFlightMetadataCollectorImpl.<init>(InFlightMetadataCollectorImpl.java:191)
	at org.hibernate.boot.model.process.spi.MetadataBuildingProcess.complete(MetadataBuildingProcess.java:170)
	at org.hibernate.boot.model.process.spi.MetadataBuildingProcess.build(MetadataBuildingProcess.java:129)
	at org.hibernate.boot.internal.MetadataBuilderImpl.build(MetadataBuilderImpl.java:449)
	at org.hibernate.boot.internal.MetadataBuilderImpl.build(MetadataBuilderImpl.java:101)
	at org.hibernate.cfg.Configuration.buildSessionFactory(Configuration.java:910)
	at org.hibernate.cfg.Configuration.buildSessionFactory(Configuration.java:960)
	at com.prisma.database.DatabaseConnectionManager.getSessionFactory(DatabaseConnectionManager.java:56)
	at com.prisma.database.DatabaseConnectionTest.setUp(DatabaseConnectionTest.java:20)
	at java.base/jdk.internal.reflect.DirectMethodHandleAccessor.invoke(DirectMethodHandleAccessor.java:104)
	at java.base/java.lang.reflect.Method.invoke(Method.java:565)
	at org.apache.maven.surefire.junit.PojoTestSet.setUpFixture(PojoTestSet.java:227)
	at org.apache.maven.surefire.junit.PojoTestSet.executeTestMethod(PojoTestSet.java:129)
	at org.apache.maven.surefire.junit.PojoTestSet.executeTestMethods(PojoTestSet.java:102)
	at org.apache.maven.surefire.junit.PojoTestSet.execute(PojoTestSet.java:83)
	at org.apache.maven.surefire.junit.JUnit3Provider.executeTestSet(JUnit3Provider.java:131)
	at org.apache.maven.surefire.junit.JUnit3Provider.invoke(JUnit3Provider.java:108)
	at org.apache.maven.surefire.booter.ForkedBooter.invokeProviderInSameClassLoader(ForkedBooter.java:200)
	at org.apache.maven.surefire.booter.ForkedBooter.runSuitesInProcess(ForkedBooter.java:153)
	at org.apache.maven.surefire.booter.ForkedBooter.main(ForkedBooter.java:103)
Caused by: org.hibernate.exception.JDBCConnectionException: Error calling Driver#connect [Connection to localhost:5433 refused. Check that the hostname and port are correct and that the postmaster is accepting TCP/IP connections.] [null]
	at org.hibernate.exception.internal.SQLStateConversionDelegate.convert(SQLStateConversionDelegate.java:100)
	at org.hibernate.exception.internal.StandardSQLExceptionConverter.convert(StandardSQLExceptionConverter.java:58)
	at org.hibernate.engine.jdbc.spi.SqlExceptionHelper.convert(SqlExceptionHelper.java:108)
	at org.hibernate.engine.jdbc.connections.internal.BasicConnectionCreator.convertSqlException(BasicConnectionCreator.java:134)
	at org.hibernate.engine.jdbc.connections.internal.DriverConnectionCreator.makeConnection(DriverConnectionCreator.java:43)
	at org.hibernate.engine.jdbc.connections.internal.BasicConnectionCreator.createConnection(BasicConnectionCreator.java:61)
	at org.hibernate.engine.jdbc.connections.internal.DriverManagerConnectionProviderImpl$PooledConnections.addConnections(DriverManagerConnectionProviderImpl.java:499)
	at org.hibernate.engine.jdbc.connections.internal.DriverManagerConnectionProviderImpl$PooledConnections.<init>(DriverManagerConnectionProviderImpl.java:372)
	at org.hibernate.engine.jdbc.connections.internal.DriverManagerConnectionProviderImpl$PooledConnections$Builder.build(DriverManagerConnectionProviderImpl.java:550)
	at org.hibernate.engine.jdbc.connections.internal.DriverManagerConnectionProviderImpl.buildPool(DriverManagerConnectionProviderImpl.java:102)
	at org.hibernate.engine.jdbc.connections.internal.DriverManagerConnectionProviderImpl.configure(DriverManagerConnectionProviderImpl.java:82)
	at org.hibernate.boot.registry.internal.StandardServiceRegistryImpl.configureService(StandardServiceRegistryImpl.java:136)
	at org.hibernate.service.internal.AbstractServiceRegistryImpl.initializeService(AbstractServiceRegistryImpl.java:247)
	at org.hibernate.service.internal.AbstractServiceRegistryImpl.getService(AbstractServiceRegistryImpl.java:215)
	at org.hibernate.engine.jdbc.env.internal.JdbcEnvironmentInitiator.buildJdbcConnectionAccess(JdbcEnvironmentInitiator.java:395)
	at org.hibernate.engine.jdbc.env.internal.JdbcEnvironmentInitiator.getJdbcEnvironmentUsingJdbcMetadata(JdbcEnvironmentInitiator.java:262)
	at org.hibernate.engine.jdbc.env.internal.JdbcEnvironmentInitiator.initiateService(JdbcEnvironmentInitiator.java:107)
	at org.hibernate.engine.jdbc.env.internal.JdbcEnvironmentInitiator.initiateService(JdbcEnvironmentInitiator.java:68)
	at org.hibernate.boot.registry.internal.StandardServiceRegistryImpl.initiateService(StandardServiceRegistryImpl.java:130)
	at org.hibernate.service.internal.AbstractServiceRegistryImpl.createService(AbstractServiceRegistryImpl.java:263)
	... 24 common frames omitted
Caused by: org.postgresql.util.PSQLException: Connection to localhost:5433 refused. Check that the hostname and port are correct and that the postmaster is accepting TCP/IP connections.
	at org.postgresql.core.v3.ConnectionFactoryImpl.openConnectionImpl(ConnectionFactoryImpl.java:346)
	at org.postgresql.core.ConnectionFactory.openConnection(ConnectionFactory.java:54)
	at org.postgresql.jdbc.PgConnection.<init>(PgConnection.java:273)
	at org.postgresql.Driver.makeConnection(Driver.java:446)
	at org.postgresql.Driver.connect(Driver.java:298)
	at org.hibernate.engine.jdbc.connections.internal.DriverConnectionCreator.makeConnection(DriverConnectionCreator.java:40)
	... 39 common frames omitted
Caused by: java.net.ConnectException: Connexion refusée
	at java.base/sun.nio.ch.Net.pollConnect(Native Method)
	at java.base/sun.nio.ch.Net.pollConnectNow(Net.java:639)
	at java.base/sun.nio.ch.NioSocketImpl.timedFinishConnect(NioSocketImpl.java:543)
	at java.base/sun.nio.ch.NioSocketImpl.connect(NioSocketImpl.java:594)
	at java.base/java.net.SocksSocketImpl.connect(SocksSocketImpl.java:284)
	at java.base/java.net.Socket.connect(Socket.java:659)
	at org.postgresql.core.PGStream.createSocket(PGStream.java:243)
	at org.postgresql.core.PGStream.<init>(PGStream.java:98)
	at org.postgresql.core.v3.ConnectionFactoryImpl.tryConnect(ConnectionFactoryImpl.java:136)
	at org.postgresql.core.v3.ConnectionFactoryImpl.openConnectionImpl(ConnectionFactoryImpl.java:262)
	... 44 common frames omitted
2026-07-21 08:59:21 [main] INFO  c.p.d.DatabaseConnectionManager - Initialisation de la SessionFactory Hibernate...
2026-07-21 08:59:22 [main] INFO  c.p.d.DatabaseConnectionManager - Chargement des configurations depuis database.properties...
2026-07-21 08:59:22 [main] ERROR c.p.d.DatabaseConnectionManager - Échec de la création de la SessionFactory Hibernate.
org.hibernate.service.spi.ServiceException: Unable to create requested service [org.hibernate.engine.jdbc.env.spi.JdbcEnvironment] due to: Error calling Driver#connect [Connection to localhost:5433 refused. Check that the hostname and port are correct and that the postmaster is accepting TCP/IP connections.] [null]
	at org.hibernate.service.internal.AbstractServiceRegistryImpl.createService(AbstractServiceRegistryImpl.java:276)
	at org.hibernate.service.internal.AbstractServiceRegistryImpl.initializeService(AbstractServiceRegistryImpl.java:238)
	at org.hibernate.service.internal.AbstractServiceRegistryImpl.getService(AbstractServiceRegistryImpl.java:215)
	at org.hibernate.boot.model.relational.Database.<init>(Database.java:45)
	at org.hibernate.boot.internal.InFlightMetadataCollectorImpl.getDatabase(InFlightMetadataCollectorImpl.java:223)
	at org.hibernate.boot.internal.InFlightMetadataCollectorImpl.<init>(InFlightMetadataCollectorImpl.java:191)
	at org.hibernate.boot.model.process.spi.MetadataBuildingProcess.complete(MetadataBuildingProcess.java:170)
	at org.hibernate.boot.model.process.spi.MetadataBuildingProcess.build(MetadataBuildingProcess.java:129)
	at org.hibernate.boot.internal.MetadataBuilderImpl.build(MetadataBuilderImpl.java:449)
	at org.hibernate.boot.internal.MetadataBuilderImpl.build(MetadataBuilderImpl.java:101)
	at org.hibernate.cfg.Configuration.buildSessionFactory(Configuration.java:910)
	at org.hibernate.cfg.Configuration.buildSessionFactory(Configuration.java:960)
	at com.prisma.database.DatabaseConnectionManager.getSessionFactory(DatabaseConnectionManager.java:56)
	at com.prisma.database.DatabaseConnectionTest.setUp(DatabaseConnectionTest.java:20)
	at java.base/jdk.internal.reflect.DirectMethodHandleAccessor.invoke(DirectMethodHandleAccessor.java:104)
	at java.base/java.lang.reflect.Method.invoke(Method.java:565)
	at org.junit.platform.commons.util.ReflectionUtils.invokeMethod(ReflectionUtils.java:728)
	at org.junit.jupiter.engine.execution.MethodInvocation.proceed(MethodInvocation.java:60)
	at org.junit.jupiter.engine.execution.InvocationInterceptorChain$ValidatingInvocation.proceed(InvocationInterceptorChain.java:131)
	at org.junit.jupiter.engine.extension.TimeoutExtension.intercept(TimeoutExtension.java:156)
	at org.junit.jupiter.engine.extension.TimeoutExtension.interceptLifecycleMethod(TimeoutExtension.java:128)
	at org.junit.jupiter.engine.extension.TimeoutExtension.interceptBeforeAllMethod(TimeoutExtension.java:70)
	at org.junit.jupiter.engine.execution.InterceptingExecutableInvoker$ReflectiveInterceptorCall.lambda$ofVoidMethod$0(InterceptingExecutableInvoker.java:103)
	at org.junit.jupiter.engine.execution.InterceptingExecutableInvoker.lambda$invoke$0(InterceptingExecutableInvoker.java:93)
	at org.junit.jupiter.engine.execution.InvocationInterceptorChain$InterceptedInvocation.proceed(InvocationInterceptorChain.java:106)
	at org.junit.jupiter.engine.execution.InvocationInterceptorChain.proceed(InvocationInterceptorChain.java:64)
	at org.junit.jupiter.engine.execution.InvocationInterceptorChain.chainAndInvoke(InvocationInterceptorChain.java:45)
	at org.junit.jupiter.engine.execution.InvocationInterceptorChain.invoke(InvocationInterceptorChain.java:37)
	at org.junit.jupiter.engine.execution.InterceptingExecutableInvoker.invoke(InterceptingExecutableInvoker.java:92)
	at org.junit.jupiter.engine.execution.InterceptingExecutableInvoker.invoke(InterceptingExecutableInvoker.java:86)
	at org.junit.jupiter.engine.descriptor.ClassBasedTestDescriptor.lambda$invokeBeforeAllMethods$13(ClassBasedTestDescriptor.java:412)
	at org.junit.platform.engine.support.hierarchical.ThrowableCollector.execute(ThrowableCollector.java:73)
	at org.junit.jupiter.engine.descriptor.ClassBasedTestDescriptor.invokeBeforeAllMethods(ClassBasedTestDescriptor.java:410)
	at org.junit.jupiter.engine.descriptor.ClassBasedTestDescriptor.before(ClassBasedTestDescriptor.java:216)
	at org.junit.jupiter.engine.descriptor.ClassBasedTestDescriptor.before(ClassBasedTestDescriptor.java:85)
	at org.junit.platform.engine.support.hierarchical.NodeTestTask.lambda$executeRecursively$6(NodeTestTask.java:148)
	at org.junit.platform.engine.support.hierarchical.ThrowableCollector.execute(ThrowableCollector.java:73)
	at org.junit.platform.engine.support.hierarchical.NodeTestTask.lambda$executeRecursively$8(NodeTestTask.java:141)
	at org.junit.platform.engine.support.hierarchical.Node.around(Node.java:137)
	at org.junit.platform.engine.support.hierarchical.NodeTestTask.lambda$executeRecursively$9(NodeTestTask.java:139)
	at org.junit.platform.engine.support.hierarchical.ThrowableCollector.execute(ThrowableCollector.java:73)
	at org.junit.platform.engine.support.hierarchical.NodeTestTask.executeRecursively(NodeTestTask.java:138)
	at org.junit.platform.engine.support.hierarchical.NodeTestTask.execute(NodeTestTask.java:95)
	at java.base/java.util.ArrayList.forEach(ArrayList.java:1604)
	at org.junit.platform.engine.support.hierarchical.SameThreadHierarchicalTestExecutorService.invokeAll(SameThreadHierarchicalTestExecutorService.java:41)
	at org.junit.platform.engine.support.hierarchical.NodeTestTask.lambda$executeRecursively$6(NodeTestTask.java:155)
	at org.junit.platform.engine.support.hierarchical.ThrowableCollector.execute(ThrowableCollector.java:73)
	at org.junit.platform.engine.support.hierarchical.NodeTestTask.lambda$executeRecursively$8(NodeTestTask.java:141)
	at org.junit.platform.engine.support.hierarchical.Node.around(Node.java:137)
	at org.junit.platform.engine.support.hierarchical.NodeTestTask.lambda$executeRecursively$9(NodeTestTask.java:139)
	at org.junit.platform.engine.support.hierarchical.ThrowableCollector.execute(ThrowableCollector.java:73)
	at org.junit.platform.engine.support.hierarchical.NodeTestTask.executeRecursively(NodeTestTask.java:138)
	at org.junit.platform.engine.support.hierarchical.NodeTestTask.execute(NodeTestTask.java:95)
	at org.junit.platform.engine.support.hierarchical.SameThreadHierarchicalTestExecutorService.submit(SameThreadHierarchicalTestExecutorService.java:35)
	at org.junit.platform.engine.support.hierarchical.HierarchicalTestExecutor.execute(HierarchicalTestExecutor.java:57)
	at org.junit.platform.engine.support.hierarchical.HierarchicalTestEngine.execute(HierarchicalTestEngine.java:54)
	at org.junit.platform.launcher.core.EngineExecutionOrchestrator.execute(EngineExecutionOrchestrator.java:198)
	at org.junit.platform.launcher.core.EngineExecutionOrchestrator.execute(EngineExecutionOrchestrator.java:169)
	at org.junit.platform.launcher.core.EngineExecutionOrchestrator.execute(EngineExecutionOrchestrator.java:93)
	at org.junit.platform.launcher.core.EngineExecutionOrchestrator.lambda$execute$0(EngineExecutionOrchestrator.java:58)
	at org.junit.platform.launcher.core.EngineExecutionOrchestrator.withInterceptedStreams(EngineExecutionOrchestrator.java:141)
	at org.junit.platform.launcher.core.EngineExecutionOrchestrator.execute(EngineExecutionOrchestrator.java:57)
	at org.junit.platform.launcher.core.DefaultLauncher.execute(DefaultLauncher.java:103)
	at org.junit.platform.launcher.core.DefaultLauncher.execute(DefaultLauncher.java:85)
	at org.junit.platform.launcher.core.DelegatingLauncher.execute(DelegatingLauncher.java:47)
	at org.apache.maven.surefire.junitplatform.LazyLauncher.execute(LazyLauncher.java:56)
	at org.apache.maven.surefire.junitplatform.JUnitPlatformProvider.execute(JUnitPlatformProvider.java:184)
	at org.apache.maven.surefire.junitplatform.JUnitPlatformProvider.invokeAllTests(JUnitPlatformProvider.java:148)
	at org.apache.maven.surefire.junitplatform.JUnitPlatformProvider.invoke(JUnitPlatformProvider.java:122)
	at org.apache.maven.surefire.booter.ForkedBooter.runSuitesInProcess(ForkedBooter.java:385)
	at org.apache.maven.surefire.booter.ForkedBooter.execute(ForkedBooter.java:162)
	at org.apache.maven.surefire.booter.ForkedBooter.run(ForkedBooter.java:507)
	at org.apache.maven.surefire.booter.ForkedBooter.main(ForkedBooter.java:495)
Caused by: org.hibernate.exception.JDBCConnectionException: Error calling Driver#connect [Connection to localhost:5433 refused. Check that the hostname and port are correct and that the postmaster is accepting TCP/IP connections.] [null]
	at org.hibernate.exception.internal.SQLStateConversionDelegate.convert(SQLStateConversionDelegate.java:100)
	at org.hibernate.exception.internal.StandardSQLExceptionConverter.convert(StandardSQLExceptionConverter.java:58)
	at org.hibernate.engine.jdbc.spi.SqlExceptionHelper.convert(SqlExceptionHelper.java:108)
	at org.hibernate.engine.jdbc.connections.internal.BasicConnectionCreator.convertSqlException(BasicConnectionCreator.java:134)
	at org.hibernate.engine.jdbc.connections.internal.DriverConnectionCreator.makeConnection(DriverConnectionCreator.java:43)
	at org.hibernate.engine.jdbc.connections.internal.BasicConnectionCreator.createConnection(BasicConnectionCreator.java:61)
	at org.hibernate.engine.jdbc.connections.internal.DriverManagerConnectionProviderImpl$PooledConnections.addConnections(DriverManagerConnectionProviderImpl.java:499)
	at org.hibernate.engine.jdbc.connections.internal.DriverManagerConnectionProviderImpl$PooledConnections.<init>(DriverManagerConnectionProviderImpl.java:372)
	at org.hibernate.engine.jdbc.connections.internal.DriverManagerConnectionProviderImpl$PooledConnections$Builder.build(DriverManagerConnectionProviderImpl.java:550)
	at org.hibernate.engine.jdbc.connections.internal.DriverManagerConnectionProviderImpl.buildPool(DriverManagerConnectionProviderImpl.java:102)
	at org.hibernate.engine.jdbc.connections.internal.DriverManagerConnectionProviderImpl.configure(DriverManagerConnectionProviderImpl.java:82)
	at org.hibernate.boot.registry.internal.StandardServiceRegistryImpl.configureService(StandardServiceRegistryImpl.java:136)
	at org.hibernate.service.internal.AbstractServiceRegistryImpl.initializeService(AbstractServiceRegistryImpl.java:247)
	at org.hibernate.service.internal.AbstractServiceRegistryImpl.getService(AbstractServiceRegistryImpl.java:215)
	at org.hibernate.engine.jdbc.env.internal.JdbcEnvironmentInitiator.buildJdbcConnectionAccess(JdbcEnvironmentInitiator.java:395)
	at org.hibernate.engine.jdbc.env.internal.JdbcEnvironmentInitiator.getJdbcEnvironmentUsingJdbcMetadata(JdbcEnvironmentInitiator.java:262)
	at org.hibernate.engine.jdbc.env.internal.JdbcEnvironmentInitiator.initiateService(JdbcEnvironmentInitiator.java:107)
	at org.hibernate.engine.jdbc.env.internal.JdbcEnvironmentInitiator.initiateService(JdbcEnvironmentInitiator.java:68)
	at org.hibernate.boot.registry.internal.StandardServiceRegistryImpl.initiateService(StandardServiceRegistryImpl.java:130)
	at org.hibernate.service.internal.AbstractServiceRegistryImpl.createService(AbstractServiceRegistryImpl.java:263)
	... 72 common frames omitted
Caused by: org.postgresql.util.PSQLException: Connection to localhost:5433 refused. Check that the hostname and port are correct and that the postmaster is accepting TCP/IP connections.
	at org.postgresql.core.v3.ConnectionFactoryImpl.openConnectionImpl(ConnectionFactoryImpl.java:346)
	at org.postgresql.core.ConnectionFactory.openConnection(ConnectionFactory.java:54)
	at org.postgresql.jdbc.PgConnection.<init>(PgConnection.java:273)
	at org.postgresql.Driver.makeConnection(Driver.java:446)
	at org.postgresql.Driver.connect(Driver.java:298)
	at org.hibernate.engine.jdbc.connections.internal.DriverConnectionCreator.makeConnection(DriverConnectionCreator.java:40)
	... 87 common frames omitted
Caused by: java.net.ConnectException: Connexion refusée
	at java.base/sun.nio.ch.Net.pollConnect(Native Method)
	at java.base/sun.nio.ch.Net.pollConnectNow(Net.java:639)
	at java.base/sun.nio.ch.NioSocketImpl.timedFinishConnect(NioSocketImpl.java:543)
	at java.base/sun.nio.ch.NioSocketImpl.connect(NioSocketImpl.java:594)
	at java.base/java.net.SocksSocketImpl.connect(SocksSocketImpl.java:284)
	at java.base/java.net.Socket.connect(Socket.java:659)
	at org.postgresql.core.PGStream.createSocket(PGStream.java:243)
	at org.postgresql.core.PGStream.<init>(PGStream.java:98)
	at org.postgresql.core.v3.ConnectionFactoryImpl.tryConnect(ConnectionFactoryImpl.java:136)
	at org.postgresql.core.v3.ConnectionFactoryImpl.openConnectionImpl(ConnectionFactoryImpl.java:262)
	... 92 common frames omitted
2026-07-21 09:01:19 [main] INFO  c.p.d.DatabaseConnectionManager - Initialisation de la SessionFactory Hibernate...
2026-07-21 09:01:19 [main] INFO  c.p.d.DatabaseConnectionManager - Chargement des configurations depuis database.properties...
2026-07-21 09:01:20 [main] ERROR c.p.d.DatabaseConnectionManager - Échec de la création de la SessionFactory Hibernate.
org.hibernate.service.spi.ServiceException: Unable to create requested service [org.hibernate.engine.jdbc.env.spi.JdbcEnvironment] due to: Error calling Driver#connect [Connection to localhost:5433 refused. Check that the hostname and port are correct and that the postmaster is accepting TCP/IP connections.] [null]
	at org.hibernate.service.internal.AbstractServiceRegistryImpl.createService(AbstractServiceRegistryImpl.java:276)
	at org.hibernate.service.internal.AbstractServiceRegistryImpl.initializeService(AbstractServiceRegistryImpl.java:238)
	at org.hibernate.service.internal.AbstractServiceRegistryImpl.getService(AbstractServiceRegistryImpl.java:215)
	at org.hibernate.boot.model.relational.Database.<init>(Database.java:45)
	at org.hibernate.boot.internal.InFlightMetadataCollectorImpl.getDatabase(InFlightMetadataCollectorImpl.java:223)
	at org.hibernate.boot.internal.InFlightMetadataCollectorImpl.<init>(InFlightMetadataCollectorImpl.java:191)
	at org.hibernate.boot.model.process.spi.MetadataBuildingProcess.complete(MetadataBuildingProcess.java:170)
	at org.hibernate.boot.model.process.spi.MetadataBuildingProcess.build(MetadataBuildingProcess.java:129)
	at org.hibernate.boot.internal.MetadataBuilderImpl.build(MetadataBuilderImpl.java:449)
	at org.hibernate.boot.internal.MetadataBuilderImpl.build(MetadataBuilderImpl.java:101)
	at org.hibernate.cfg.Configuration.buildSessionFactory(Configuration.java:910)
	at org.hibernate.cfg.Configuration.buildSessionFactory(Configuration.java:960)
	at com.prisma.database.DatabaseConnectionManager.getSessionFactory(DatabaseConnectionManager.java:56)
	at com.prisma.database.DatabaseConnectionTest.setUp(DatabaseConnectionTest.java:20)
	at java.base/jdk.internal.reflect.DirectMethodHandleAccessor.invoke(DirectMethodHandleAccessor.java:104)
	at java.base/java.lang.reflect.Method.invoke(Method.java:565)
	at org.junit.platform.commons.util.ReflectionUtils.invokeMethod(ReflectionUtils.java:728)
	at org.junit.jupiter.engine.execution.MethodInvocation.proceed(MethodInvocation.java:60)
	at org.junit.jupiter.engine.execution.InvocationInterceptorChain$ValidatingInvocation.proceed(InvocationInterceptorChain.java:131)
	at org.junit.jupiter.engine.extension.TimeoutExtension.intercept(TimeoutExtension.java:156)
	at org.junit.jupiter.engine.extension.TimeoutExtension.interceptLifecycleMethod(TimeoutExtension.java:128)
	at org.junit.jupiter.engine.extension.TimeoutExtension.interceptBeforeAllMethod(TimeoutExtension.java:70)
	at org.junit.jupiter.engine.execution.InterceptingExecutableInvoker$ReflectiveInterceptorCall.lambda$ofVoidMethod$0(InterceptingExecutableInvoker.java:103)
	at org.junit.jupiter.engine.execution.InterceptingExecutableInvoker.lambda$invoke$0(InterceptingExecutableInvoker.java:93)
	at org.junit.jupiter.engine.execution.InvocationInterceptorChain$InterceptedInvocation.proceed(InvocationInterceptorChain.java:106)
	at org.junit.jupiter.engine.execution.InvocationInterceptorChain.proceed(InvocationInterceptorChain.java:64)
	at org.junit.jupiter.engine.execution.InvocationInterceptorChain.chainAndInvoke(InvocationInterceptorChain.java:45)
	at org.junit.jupiter.engine.execution.InvocationInterceptorChain.invoke(InvocationInterceptorChain.java:37)
	at org.junit.jupiter.engine.execution.InterceptingExecutableInvoker.invoke(InterceptingExecutableInvoker.java:92)
	at org.junit.jupiter.engine.execution.InterceptingExecutableInvoker.invoke(InterceptingExecutableInvoker.java:86)
	at org.junit.jupiter.engine.descriptor.ClassBasedTestDescriptor.lambda$invokeBeforeAllMethods$13(ClassBasedTestDescriptor.java:412)
	at org.junit.platform.engine.support.hierarchical.ThrowableCollector.execute(ThrowableCollector.java:73)
	at org.junit.jupiter.engine.descriptor.ClassBasedTestDescriptor.invokeBeforeAllMethods(ClassBasedTestDescriptor.java:410)
	at org.junit.jupiter.engine.descriptor.ClassBasedTestDescriptor.before(ClassBasedTestDescriptor.java:216)
	at org.junit.jupiter.engine.descriptor.ClassBasedTestDescriptor.before(ClassBasedTestDescriptor.java:85)
	at org.junit.platform.engine.support.hierarchical.NodeTestTask.lambda$executeRecursively$6(NodeTestTask.java:148)
	at org.junit.platform.engine.support.hierarchical.ThrowableCollector.execute(ThrowableCollector.java:73)
	at org.junit.platform.engine.support.hierarchical.NodeTestTask.lambda$executeRecursively$8(NodeTestTask.java:141)
	at org.junit.platform.engine.support.hierarchical.Node.around(Node.java:137)
	at org.junit.platform.engine.support.hierarchical.NodeTestTask.lambda$executeRecursively$9(NodeTestTask.java:139)
	at org.junit.platform.engine.support.hierarchical.ThrowableCollector.execute(ThrowableCollector.java:73)
	at org.junit.platform.engine.support.hierarchical.NodeTestTask.executeRecursively(NodeTestTask.java:138)
	at org.junit.platform.engine.support.hierarchical.NodeTestTask.execute(NodeTestTask.java:95)
	at java.base/java.util.ArrayList.forEach(ArrayList.java:1604)
	at org.junit.platform.engine.support.hierarchical.SameThreadHierarchicalTestExecutorService.invokeAll(SameThreadHierarchicalTestExecutorService.java:41)
	at org.junit.platform.engine.support.hierarchical.NodeTestTask.lambda$executeRecursively$6(NodeTestTask.java:155)
	at org.junit.platform.engine.support.hierarchical.ThrowableCollector.execute(ThrowableCollector.java:73)
	at org.junit.platform.engine.support.hierarchical.NodeTestTask.lambda$executeRecursively$8(NodeTestTask.java:141)
	at org.junit.platform.engine.support.hierarchical.Node.around(Node.java:137)
	at org.junit.platform.engine.support.hierarchical.NodeTestTask.lambda$executeRecursively$9(NodeTestTask.java:139)
	at org.junit.platform.engine.support.hierarchical.ThrowableCollector.execute(ThrowableCollector.java:73)
	at org.junit.platform.engine.support.hierarchical.NodeTestTask.executeRecursively(NodeTestTask.java:138)
	at org.junit.platform.engine.support.hierarchical.NodeTestTask.execute(NodeTestTask.java:95)
	at org.junit.platform.engine.support.hierarchical.SameThreadHierarchicalTestExecutorService.submit(SameThreadHierarchicalTestExecutorService.java:35)
	at org.junit.platform.engine.support.hierarchical.HierarchicalTestExecutor.execute(HierarchicalTestExecutor.java:57)
	at org.junit.platform.engine.support.hierarchical.HierarchicalTestEngine.execute(HierarchicalTestEngine.java:54)
	at org.junit.platform.launcher.core.EngineExecutionOrchestrator.execute(EngineExecutionOrchestrator.java:198)
	at org.junit.platform.launcher.core.EngineExecutionOrchestrator.execute(EngineExecutionOrchestrator.java:169)
	at org.junit.platform.launcher.core.EngineExecutionOrchestrator.execute(EngineExecutionOrchestrator.java:93)
	at org.junit.platform.launcher.core.EngineExecutionOrchestrator.lambda$execute$0(EngineExecutionOrchestrator.java:58)
	at org.junit.platform.launcher.core.EngineExecutionOrchestrator.withInterceptedStreams(EngineExecutionOrchestrator.java:141)
	at org.junit.platform.launcher.core.EngineExecutionOrchestrator.execute(EngineExecutionOrchestrator.java:57)
	at org.junit.platform.launcher.core.DefaultLauncher.execute(DefaultLauncher.java:103)
	at org.junit.platform.launcher.core.DefaultLauncher.execute(DefaultLauncher.java:85)
	at org.junit.platform.launcher.core.DelegatingLauncher.execute(DelegatingLauncher.java:47)
	at org.apache.maven.surefire.junitplatform.LazyLauncher.execute(LazyLauncher.java:56)
	at org.apache.maven.surefire.junitplatform.JUnitPlatformProvider.execute(JUnitPlatformProvider.java:184)
	at org.apache.maven.surefire.junitplatform.JUnitPlatformProvider.invokeAllTests(JUnitPlatformProvider.java:148)
	at org.apache.maven.surefire.junitplatform.JUnitPlatformProvider.invoke(JUnitPlatformProvider.java:122)
	at org.apache.maven.surefire.booter.ForkedBooter.runSuitesInProcess(ForkedBooter.java:385)
	at org.apache.maven.surefire.booter.ForkedBooter.execute(ForkedBooter.java:162)
	at org.apache.maven.surefire.booter.ForkedBooter.run(ForkedBooter.java:507)
	at org.apache.maven.surefire.booter.ForkedBooter.main(ForkedBooter.java:495)
Caused by: org.hibernate.exception.JDBCConnectionException: Error calling Driver#connect [Connection to localhost:5433 refused. Check that the hostname and port are correct and that the postmaster is accepting TCP/IP connections.] [null]
	at org.hibernate.exception.internal.SQLStateConversionDelegate.convert(SQLStateConversionDelegate.java:100)
	at org.hibernate.exception.internal.StandardSQLExceptionConverter.convert(StandardSQLExceptionConverter.java:58)
	at org.hibernate.engine.jdbc.spi.SqlExceptionHelper.convert(SqlExceptionHelper.java:108)
	at org.hibernate.engine.jdbc.connections.internal.BasicConnectionCreator.convertSqlException(BasicConnectionCreator.java:134)
	at org.hibernate.engine.jdbc.connections.internal.DriverConnectionCreator.makeConnection(DriverConnectionCreator.java:43)
	at org.hibernate.engine.jdbc.connections.internal.BasicConnectionCreator.createConnection(BasicConnectionCreator.java:61)
	at org.hibernate.engine.jdbc.connections.internal.DriverManagerConnectionProviderImpl$PooledConnections.addConnections(DriverManagerConnectionProviderImpl.java:499)
	at org.hibernate.engine.jdbc.connections.internal.DriverManagerConnectionProviderImpl$PooledConnections.<init>(DriverManagerConnectionProviderImpl.java:372)
	at org.hibernate.engine.jdbc.connections.internal.DriverManagerConnectionProviderImpl$PooledConnections$Builder.build(DriverManagerConnectionProviderImpl.java:550)
	at org.hibernate.engine.jdbc.connections.internal.DriverManagerConnectionProviderImpl.buildPool(DriverManagerConnectionProviderImpl.java:102)
	at org.hibernate.engine.jdbc.connections.internal.DriverManagerConnectionProviderImpl.configure(DriverManagerConnectionProviderImpl.java:82)
	at org.hibernate.boot.registry.internal.StandardServiceRegistryImpl.configureService(StandardServiceRegistryImpl.java:136)
	at org.hibernate.service.internal.AbstractServiceRegistryImpl.initializeService(AbstractServiceRegistryImpl.java:247)
	at org.hibernate.service.internal.AbstractServiceRegistryImpl.getService(AbstractServiceRegistryImpl.java:215)
	at org.hibernate.engine.jdbc.env.internal.JdbcEnvironmentInitiator.buildJdbcConnectionAccess(JdbcEnvironmentInitiator.java:395)
	at org.hibernate.engine.jdbc.env.internal.JdbcEnvironmentInitiator.getJdbcEnvironmentUsingJdbcMetadata(JdbcEnvironmentInitiator.java:262)
	at org.hibernate.engine.jdbc.env.internal.JdbcEnvironmentInitiator.initiateService(JdbcEnvironmentInitiator.java:107)
	at org.hibernate.engine.jdbc.env.internal.JdbcEnvironmentInitiator.initiateService(JdbcEnvironmentInitiator.java:68)
	at org.hibernate.boot.registry.internal.StandardServiceRegistryImpl.initiateService(StandardServiceRegistryImpl.java:130)
	at org.hibernate.service.internal.AbstractServiceRegistryImpl.createService(AbstractServiceRegistryImpl.java:263)
	... 72 common frames omitted
Caused by: org.postgresql.util.PSQLException: Connection to localhost:5433 refused. Check that the hostname and port are correct and that the postmaster is accepting TCP/IP connections.
	at org.postgresql.core.v3.ConnectionFactoryImpl.openConnectionImpl(ConnectionFactoryImpl.java:346)
	at org.postgresql.core.ConnectionFactory.openConnection(ConnectionFactory.java:54)
	at org.postgresql.jdbc.PgConnection.<init>(PgConnection.java:273)
	at org.postgresql.Driver.makeConnection(Driver.java:446)
	at org.postgresql.Driver.connect(Driver.java:298)
	at org.hibernate.engine.jdbc.connections.internal.DriverConnectionCreator.makeConnection(DriverConnectionCreator.java:40)
	... 87 common frames omitted
Caused by: java.net.ConnectException: Connexion refusée
	at java.base/sun.nio.ch.Net.pollConnect(Native Method)
	at java.base/sun.nio.ch.Net.pollConnectNow(Net.java:639)
	at java.base/sun.nio.ch.NioSocketImpl.timedFinishConnect(NioSocketImpl.java:543)
	at java.base/sun.nio.ch.NioSocketImpl.connect(NioSocketImpl.java:594)
	at java.base/java.net.SocksSocketImpl.connect(SocksSocketImpl.java:284)
	at java.base/java.net.Socket.connect(Socket.java:659)
	at org.postgresql.core.PGStream.createSocket(PGStream.java:243)
	at org.postgresql.core.PGStream.<init>(PGStream.java:98)
	at org.postgresql.core.v3.ConnectionFactoryImpl.tryConnect(ConnectionFactoryImpl.java:136)
	at org.postgresql.core.v3.ConnectionFactoryImpl.openConnectionImpl(ConnectionFactoryImpl.java:262)
	... 92 common frames omitted
2026-07-21 09:01:49 [main] INFO  c.p.d.DatabaseConnectionManager - Initialisation de la SessionFactory Hibernate...
2026-07-21 09:01:49 [main] INFO  c.p.d.DatabaseConnectionManager - Chargement des configurations depuis database.properties...
2026-07-21 09:01:50 [main] ERROR c.p.d.DatabaseConnectionManager - Échec de la création de la SessionFactory Hibernate.
org.hibernate.service.spi.ServiceException: Unable to create requested service [org.hibernate.engine.jdbc.env.spi.JdbcEnvironment] due to: Error calling Driver#connect [Connection to localhost:5433 refused. Check that the hostname and port are correct and that the postmaster is accepting TCP/IP connections.] [null]
	at org.hibernate.service.internal.AbstractServiceRegistryImpl.createService(AbstractServiceRegistryImpl.java:276)
	at org.hibernate.service.internal.AbstractServiceRegistryImpl.initializeService(AbstractServiceRegistryImpl.java:238)
	at org.hibernate.service.internal.AbstractServiceRegistryImpl.getService(AbstractServiceRegistryImpl.java:215)
	at org.hibernate.boot.model.relational.Database.<init>(Database.java:45)
	at org.hibernate.boot.internal.InFlightMetadataCollectorImpl.getDatabase(InFlightMetadataCollectorImpl.java:223)
	at org.hibernate.boot.internal.InFlightMetadataCollectorImpl.<init>(InFlightMetadataCollectorImpl.java:191)
	at org.hibernate.boot.model.process.spi.MetadataBuildingProcess.complete(MetadataBuildingProcess.java:170)
	at org.hibernate.boot.model.process.spi.MetadataBuildingProcess.build(MetadataBuildingProcess.java:129)
	at org.hibernate.boot.internal.MetadataBuilderImpl.build(MetadataBuilderImpl.java:449)
	at org.hibernate.boot.internal.MetadataBuilderImpl.build(MetadataBuilderImpl.java:101)
	at org.hibernate.cfg.Configuration.buildSessionFactory(Configuration.java:910)
	at org.hibernate.cfg.Configuration.buildSessionFactory(Configuration.java:960)
	at com.prisma.database.DatabaseConnectionManager.getSessionFactory(DatabaseConnectionManager.java:56)
	at com.prisma.database.DatabaseConnectionTest.setUp(DatabaseConnectionTest.java:20)
	at java.base/jdk.internal.reflect.DirectMethodHandleAccessor.invoke(DirectMethodHandleAccessor.java:104)
	at java.base/java.lang.reflect.Method.invoke(Method.java:565)
	at org.junit.platform.commons.util.ReflectionUtils.invokeMethod(ReflectionUtils.java:728)
	at org.junit.jupiter.engine.execution.MethodInvocation.proceed(MethodInvocation.java:60)
	at org.junit.jupiter.engine.execution.InvocationInterceptorChain$ValidatingInvocation.proceed(InvocationInterceptorChain.java:131)
	at org.junit.jupiter.engine.extension.TimeoutExtension.intercept(TimeoutExtension.java:156)
	at org.junit.jupiter.engine.extension.TimeoutExtension.interceptLifecycleMethod(TimeoutExtension.java:128)
	at org.junit.jupiter.engine.extension.TimeoutExtension.interceptBeforeAllMethod(TimeoutExtension.java:70)
	at org.junit.jupiter.engine.execution.InterceptingExecutableInvoker$ReflectiveInterceptorCall.lambda$ofVoidMethod$0(InterceptingExecutableInvoker.java:103)
	at org.junit.jupiter.engine.execution.InterceptingExecutableInvoker.lambda$invoke$0(InterceptingExecutableInvoker.java:93)
	at org.junit.jupiter.engine.execution.InvocationInterceptorChain$InterceptedInvocation.proceed(InvocationInterceptorChain.java:106)
	at org.junit.jupiter.engine.execution.InvocationInterceptorChain.proceed(InvocationInterceptorChain.java:64)
	at org.junit.jupiter.engine.execution.InvocationInterceptorChain.chainAndInvoke(InvocationInterceptorChain.java:45)
	at org.junit.jupiter.engine.execution.InvocationInterceptorChain.invoke(InvocationInterceptorChain.java:37)
	at org.junit.jupiter.engine.execution.InterceptingExecutableInvoker.invoke(InterceptingExecutableInvoker.java:92)
	at org.junit.jupiter.engine.execution.InterceptingExecutableInvoker.invoke(InterceptingExecutableInvoker.java:86)
	at org.junit.jupiter.engine.descriptor.ClassBasedTestDescriptor.lambda$invokeBeforeAllMethods$13(ClassBasedTestDescriptor.java:412)
	at org.junit.platform.engine.support.hierarchical.ThrowableCollector.execute(ThrowableCollector.java:73)
	at org.junit.jupiter.engine.descriptor.ClassBasedTestDescriptor.invokeBeforeAllMethods(ClassBasedTestDescriptor.java:410)
	at org.junit.jupiter.engine.descriptor.ClassBasedTestDescriptor.before(ClassBasedTestDescriptor.java:216)
	at org.junit.jupiter.engine.descriptor.ClassBasedTestDescriptor.before(ClassBasedTestDescriptor.java:85)
	at org.junit.platform.engine.support.hierarchical.NodeTestTask.lambda$executeRecursively$6(NodeTestTask.java:148)
	at org.junit.platform.engine.support.hierarchical.ThrowableCollector.execute(ThrowableCollector.java:73)
	at org.junit.platform.engine.support.hierarchical.NodeTestTask.lambda$executeRecursively$8(NodeTestTask.java:141)
	at org.junit.platform.engine.support.hierarchical.Node.around(Node.java:137)
	at org.junit.platform.engine.support.hierarchical.NodeTestTask.lambda$executeRecursively$9(NodeTestTask.java:139)
	at org.junit.platform.engine.support.hierarchical.ThrowableCollector.execute(ThrowableCollector.java:73)
	at org.junit.platform.engine.support.hierarchical.NodeTestTask.executeRecursively(NodeTestTask.java:138)
	at org.junit.platform.engine.support.hierarchical.NodeTestTask.execute(NodeTestTask.java:95)
	at java.base/java.util.ArrayList.forEach(ArrayList.java:1604)
	at org.junit.platform.engine.support.hierarchical.SameThreadHierarchicalTestExecutorService.invokeAll(SameThreadHierarchicalTestExecutorService.java:41)
	at org.junit.platform.engine.support.hierarchical.NodeTestTask.lambda$executeRecursively$6(NodeTestTask.java:155)
	at org.junit.platform.engine.support.hierarchical.ThrowableCollector.execute(ThrowableCollector.java:73)
	at org.junit.platform.engine.support.hierarchical.NodeTestTask.lambda$executeRecursively$8(NodeTestTask.java:141)
	at org.junit.platform.engine.support.hierarchical.Node.around(Node.java:137)
	at org.junit.platform.engine.support.hierarchical.NodeTestTask.lambda$executeRecursively$9(NodeTestTask.java:139)
	at org.junit.platform.engine.support.hierarchical.ThrowableCollector.execute(ThrowableCollector.java:73)
	at org.junit.platform.engine.support.hierarchical.NodeTestTask.executeRecursively(NodeTestTask.java:138)
	at org.junit.platform.engine.support.hierarchical.NodeTestTask.execute(NodeTestTask.java:95)
	at org.junit.platform.engine.support.hierarchical.SameThreadHierarchicalTestExecutorService.submit(SameThreadHierarchicalTestExecutorService.java:35)
	at org.junit.platform.engine.support.hierarchical.HierarchicalTestExecutor.execute(HierarchicalTestExecutor.java:57)
	at org.junit.platform.engine.support.hierarchical.HierarchicalTestEngine.execute(HierarchicalTestEngine.java:54)
	at org.junit.platform.launcher.core.EngineExecutionOrchestrator.execute(EngineExecutionOrchestrator.java:198)
	at org.junit.platform.launcher.core.EngineExecutionOrchestrator.execute(EngineExecutionOrchestrator.java:169)
	at org.junit.platform.launcher.core.EngineExecutionOrchestrator.execute(EngineExecutionOrchestrator.java:93)
	at org.junit.platform.launcher.core.EngineExecutionOrchestrator.lambda$execute$0(EngineExecutionOrchestrator.java:58)
	at org.junit.platform.launcher.core.EngineExecutionOrchestrator.withInterceptedStreams(EngineExecutionOrchestrator.java:141)
	at org.junit.platform.launcher.core.EngineExecutionOrchestrator.execute(EngineExecutionOrchestrator.java:57)
	at org.junit.platform.launcher.core.DefaultLauncher.execute(DefaultLauncher.java:103)
	at org.junit.platform.launcher.core.DefaultLauncher.execute(DefaultLauncher.java:85)
	at org.junit.platform.launcher.core.DelegatingLauncher.execute(DelegatingLauncher.java:47)
	at org.apache.maven.surefire.junitplatform.LazyLauncher.execute(LazyLauncher.java:56)
	at org.apache.maven.surefire.junitplatform.JUnitPlatformProvider.execute(JUnitPlatformProvider.java:184)
	at org.apache.maven.surefire.junitplatform.JUnitPlatformProvider.invokeAllTests(JUnitPlatformProvider.java:148)
	at org.apache.maven.surefire.junitplatform.JUnitPlatformProvider.invoke(JUnitPlatformProvider.java:122)
	at org.apache.maven.surefire.booter.ForkedBooter.runSuitesInProcess(ForkedBooter.java:385)
	at org.apache.maven.surefire.booter.ForkedBooter.execute(ForkedBooter.java:162)
	at org.apache.maven.surefire.booter.ForkedBooter.run(ForkedBooter.java:507)
	at org.apache.maven.surefire.booter.ForkedBooter.main(ForkedBooter.java:495)
Caused by: org.hibernate.exception.JDBCConnectionException: Error calling Driver#connect [Connection to localhost:5433 refused. Check that the hostname and port are correct and that the postmaster is accepting TCP/IP connections.] [null]
	at org.hibernate.exception.internal.SQLStateConversionDelegate.convert(SQLStateConversionDelegate.java:100)
	at org.hibernate.exception.internal.StandardSQLExceptionConverter.convert(StandardSQLExceptionConverter.java:58)
	at org.hibernate.engine.jdbc.spi.SqlExceptionHelper.convert(SqlExceptionHelper.java:108)
	at org.hibernate.engine.jdbc.connections.internal.BasicConnectionCreator.convertSqlException(BasicConnectionCreator.java:134)
	at org.hibernate.engine.jdbc.connections.internal.DriverConnectionCreator.makeConnection(DriverConnectionCreator.java:43)
	at org.hibernate.engine.jdbc.connections.internal.BasicConnectionCreator.createConnection(BasicConnectionCreator.java:61)
	at org.hibernate.engine.jdbc.connections.internal.DriverManagerConnectionProviderImpl$PooledConnections.addConnections(DriverManagerConnectionProviderImpl.java:499)
	at org.hibernate.engine.jdbc.connections.internal.DriverManagerConnectionProviderImpl$PooledConnections.<init>(DriverManagerConnectionProviderImpl.java:372)
	at org.hibernate.engine.jdbc.connections.internal.DriverManagerConnectionProviderImpl$PooledConnections$Builder.build(DriverManagerConnectionProviderImpl.java:550)
	at org.hibernate.engine.jdbc.connections.internal.DriverManagerConnectionProviderImpl.buildPool(DriverManagerConnectionProviderImpl.java:102)
	at org.hibernate.engine.jdbc.connections.internal.DriverManagerConnectionProviderImpl.configure(DriverManagerConnectionProviderImpl.java:82)
	at org.hibernate.boot.registry.internal.StandardServiceRegistryImpl.configureService(StandardServiceRegistryImpl.java:136)
	at org.hibernate.service.internal.AbstractServiceRegistryImpl.initializeService(AbstractServiceRegistryImpl.java:247)
	at org.hibernate.service.internal.AbstractServiceRegistryImpl.getService(AbstractServiceRegistryImpl.java:215)
	at org.hibernate.engine.jdbc.env.internal.JdbcEnvironmentInitiator.buildJdbcConnectionAccess(JdbcEnvironmentInitiator.java:395)
	at org.hibernate.engine.jdbc.env.internal.JdbcEnvironmentInitiator.getJdbcEnvironmentUsingJdbcMetadata(JdbcEnvironmentInitiator.java:262)
	at org.hibernate.engine.jdbc.env.internal.JdbcEnvironmentInitiator.initiateService(JdbcEnvironmentInitiator.java:107)
	at org.hibernate.engine.jdbc.env.internal.JdbcEnvironmentInitiator.initiateService(JdbcEnvironmentInitiator.java:68)
	at org.hibernate.boot.registry.internal.StandardServiceRegistryImpl.initiateService(StandardServiceRegistryImpl.java:130)
	at org.hibernate.service.internal.AbstractServiceRegistryImpl.createService(AbstractServiceRegistryImpl.java:263)
	... 72 common frames omitted
Caused by: org.postgresql.util.PSQLException: Connection to localhost:5433 refused. Check that the hostname and port are correct and that the postmaster is accepting TCP/IP connections.
	at org.postgresql.core.v3.ConnectionFactoryImpl.openConnectionImpl(ConnectionFactoryImpl.java:346)
	at org.postgresql.core.ConnectionFactory.openConnection(ConnectionFactory.java:54)
	at org.postgresql.jdbc.PgConnection.<init>(PgConnection.java:273)
	at org.postgresql.Driver.makeConnection(Driver.java:446)
	at org.postgresql.Driver.connect(Driver.java:298)
	at org.hibernate.engine.jdbc.connections.internal.DriverConnectionCreator.makeConnection(DriverConnectionCreator.java:40)
	... 87 common frames omitted
Caused by: java.net.ConnectException: Connexion refusée
	at java.base/sun.nio.ch.Net.pollConnect(Native Method)
	at java.base/sun.nio.ch.Net.pollConnectNow(Net.java:639)
	at java.base/sun.nio.ch.NioSocketImpl.timedFinishConnect(NioSocketImpl.java:543)
	at java.base/sun.nio.ch.NioSocketImpl.connect(NioSocketImpl.java:594)
	at java.base/java.net.SocksSocketImpl.connect(SocksSocketImpl.java:284)
	at java.base/java.net.Socket.connect(Socket.java:659)
	at org.postgresql.core.PGStream.createSocket(PGStream.java:243)
	at org.postgresql.core.PGStream.<init>(PGStream.java:98)
	at org.postgresql.core.v3.ConnectionFactoryImpl.tryConnect(ConnectionFactoryImpl.java:136)
	at org.postgresql.core.v3.ConnectionFactoryImpl.openConnectionImpl(ConnectionFactoryImpl.java:262)
	... 92 common frames omitted
2026-07-21 09:02:35 [main] INFO  c.p.d.DatabaseConnectionManager - Initialisation de la SessionFactory Hibernate...
2026-07-21 09:02:36 [main] INFO  c.p.d.DatabaseConnectionManager - Chargement des configurations depuis database.properties...
2026-07-21 09:02:36 [main] ERROR c.p.d.DatabaseConnectionManager - Échec de la création de la SessionFactory Hibernate.
org.hibernate.service.spi.ServiceException: Unable to create requested service [org.hibernate.engine.jdbc.env.spi.JdbcEnvironment] due to: Error calling Driver#connect [Connection to localhost:5433 refused. Check that the hostname and port are correct and that the postmaster is accepting TCP/IP connections.] [null]
	at org.hibernate.service.internal.AbstractServiceRegistryImpl.createService(AbstractServiceRegistryImpl.java:276)
	at org.hibernate.service.internal.AbstractServiceRegistryImpl.initializeService(AbstractServiceRegistryImpl.java:238)
	at org.hibernate.service.internal.AbstractServiceRegistryImpl.getService(AbstractServiceRegistryImpl.java:215)
	at org.hibernate.boot.model.relational.Database.<init>(Database.java:45)
	at org.hibernate.boot.internal.InFlightMetadataCollectorImpl.getDatabase(InFlightMetadataCollectorImpl.java:223)
	at org.hibernate.boot.internal.InFlightMetadataCollectorImpl.<init>(InFlightMetadataCollectorImpl.java:191)
	at org.hibernate.boot.model.process.spi.MetadataBuildingProcess.complete(MetadataBuildingProcess.java:170)
	at org.hibernate.boot.model.process.spi.MetadataBuildingProcess.build(MetadataBuildingProcess.java:129)
	at org.hibernate.boot.internal.MetadataBuilderImpl.build(MetadataBuilderImpl.java:449)
	at org.hibernate.boot.internal.MetadataBuilderImpl.build(MetadataBuilderImpl.java:101)
	at org.hibernate.cfg.Configuration.buildSessionFactory(Configuration.java:910)
	at org.hibernate.cfg.Configuration.buildSessionFactory(Configuration.java:960)
	at com.prisma.database.DatabaseConnectionManager.getSessionFactory(DatabaseConnectionManager.java:56)
	at com.prisma.database.DatabaseConnectionTest.setUp(DatabaseConnectionTest.java:20)
	at java.base/jdk.internal.reflect.DirectMethodHandleAccessor.invoke(DirectMethodHandleAccessor.java:104)
	at java.base/java.lang.reflect.Method.invoke(Method.java:565)
	at org.junit.platform.commons.util.ReflectionUtils.invokeMethod(ReflectionUtils.java:728)
	at org.junit.jupiter.engine.execution.MethodInvocation.proceed(MethodInvocation.java:60)
	at org.junit.jupiter.engine.execution.InvocationInterceptorChain$ValidatingInvocation.proceed(InvocationInterceptorChain.java:131)
	at org.junit.jupiter.engine.extension.TimeoutExtension.intercept(TimeoutExtension.java:156)
	at org.junit.jupiter.engine.extension.TimeoutExtension.interceptLifecycleMethod(TimeoutExtension.java:128)
	at org.junit.jupiter.engine.extension.TimeoutExtension.interceptBeforeAllMethod(TimeoutExtension.java:70)
	at org.junit.jupiter.engine.execution.InterceptingExecutableInvoker$ReflectiveInterceptorCall.lambda$ofVoidMethod$0(InterceptingExecutableInvoker.java:103)
	at org.junit.jupiter.engine.execution.InterceptingExecutableInvoker.lambda$invoke$0(InterceptingExecutableInvoker.java:93)
	at org.junit.jupiter.engine.execution.InvocationInterceptorChain$InterceptedInvocation.proceed(InvocationInterceptorChain.java:106)
	at org.junit.jupiter.engine.execution.InvocationInterceptorChain.proceed(InvocationInterceptorChain.java:64)
	at org.junit.jupiter.engine.execution.InvocationInterceptorChain.chainAndInvoke(InvocationInterceptorChain.java:45)
	at org.junit.jupiter.engine.execution.InvocationInterceptorChain.invoke(InvocationInterceptorChain.java:37)
	at org.junit.jupiter.engine.execution.InterceptingExecutableInvoker.invoke(InterceptingExecutableInvoker.java:92)
	at org.junit.jupiter.engine.execution.InterceptingExecutableInvoker.invoke(InterceptingExecutableInvoker.java:86)
	at org.junit.jupiter.engine.descriptor.ClassBasedTestDescriptor.lambda$invokeBeforeAllMethods$13(ClassBasedTestDescriptor.java:412)
	at org.junit.platform.engine.support.hierarchical.ThrowableCollector.execute(ThrowableCollector.java:73)
	at org.junit.jupiter.engine.descriptor.ClassBasedTestDescriptor.invokeBeforeAllMethods(ClassBasedTestDescriptor.java:410)
	at org.junit.jupiter.engine.descriptor.ClassBasedTestDescriptor.before(ClassBasedTestDescriptor.java:216)
	at org.junit.jupiter.engine.descriptor.ClassBasedTestDescriptor.before(ClassBasedTestDescriptor.java:85)
	at org.junit.platform.engine.support.hierarchical.NodeTestTask.lambda$executeRecursively$6(NodeTestTask.java:148)
	at org.junit.platform.engine.support.hierarchical.ThrowableCollector.execute(ThrowableCollector.java:73)
	at org.junit.platform.engine.support.hierarchical.NodeTestTask.lambda$executeRecursively$8(NodeTestTask.java:141)
	at org.junit.platform.engine.support.hierarchical.Node.around(Node.java:137)
	at org.junit.platform.engine.support.hierarchical.NodeTestTask.lambda$executeRecursively$9(NodeTestTask.java:139)
	at org.junit.platform.engine.support.hierarchical.ThrowableCollector.execute(ThrowableCollector.java:73)
	at org.junit.platform.engine.support.hierarchical.NodeTestTask.executeRecursively(NodeTestTask.java:138)
	at org.junit.platform.engine.support.hierarchical.NodeTestTask.execute(NodeTestTask.java:95)
	at java.base/java.util.ArrayList.forEach(ArrayList.java:1604)
	at org.junit.platform.engine.support.hierarchical.SameThreadHierarchicalTestExecutorService.invokeAll(SameThreadHierarchicalTestExecutorService.java:41)
	at org.junit.platform.engine.support.hierarchical.NodeTestTask.lambda$executeRecursively$6(NodeTestTask.java:155)
	at org.junit.platform.engine.support.hierarchical.ThrowableCollector.execute(ThrowableCollector.java:73)
	at org.junit.platform.engine.support.hierarchical.NodeTestTask.lambda$executeRecursively$8(NodeTestTask.java:141)
	at org.junit.platform.engine.support.hierarchical.Node.around(Node.java:137)
	at org.junit.platform.engine.support.hierarchical.NodeTestTask.lambda$executeRecursively$9(NodeTestTask.java:139)
	at org.junit.platform.engine.support.hierarchical.ThrowableCollector.execute(ThrowableCollector.java:73)
	at org.junit.platform.engine.support.hierarchical.NodeTestTask.executeRecursively(NodeTestTask.java:138)
	at org.junit.platform.engine.support.hierarchical.NodeTestTask.execute(NodeTestTask.java:95)
	at org.junit.platform.engine.support.hierarchical.SameThreadHierarchicalTestExecutorService.submit(SameThreadHierarchicalTestExecutorService.java:35)
	at org.junit.platform.engine.support.hierarchical.HierarchicalTestExecutor.execute(HierarchicalTestExecutor.java:57)
	at org.junit.platform.engine.support.hierarchical.HierarchicalTestEngine.execute(HierarchicalTestEngine.java:54)
	at org.junit.platform.launcher.core.EngineExecutionOrchestrator.execute(EngineExecutionOrchestrator.java:198)
	at org.junit.platform.launcher.core.EngineExecutionOrchestrator.execute(EngineExecutionOrchestrator.java:169)
	at org.junit.platform.launcher.core.EngineExecutionOrchestrator.execute(EngineExecutionOrchestrator.java:93)
	at org.junit.platform.launcher.core.EngineExecutionOrchestrator.lambda$execute$0(EngineExecutionOrchestrator.java:58)
	at org.junit.platform.launcher.core.EngineExecutionOrchestrator.withInterceptedStreams(EngineExecutionOrchestrator.java:141)
	at org.junit.platform.launcher.core.EngineExecutionOrchestrator.execute(EngineExecutionOrchestrator.java:57)
	at org.junit.platform.launcher.core.DefaultLauncher.execute(DefaultLauncher.java:103)
	at org.junit.platform.launcher.core.DefaultLauncher.execute(DefaultLauncher.java:85)
	at org.junit.platform.launcher.core.DelegatingLauncher.execute(DelegatingLauncher.java:47)
	at org.apache.maven.surefire.junitplatform.LazyLauncher.execute(LazyLauncher.java:56)
	at org.apache.maven.surefire.junitplatform.JUnitPlatformProvider.execute(JUnitPlatformProvider.java:184)
	at org.apache.maven.surefire.junitplatform.JUnitPlatformProvider.invokeAllTests(JUnitPlatformProvider.java:148)
	at org.apache.maven.surefire.junitplatform.JUnitPlatformProvider.invoke(JUnitPlatformProvider.java:122)
	at org.apache.maven.surefire.booter.ForkedBooter.runSuitesInProcess(ForkedBooter.java:385)
	at org.apache.maven.surefire.booter.ForkedBooter.execute(ForkedBooter.java:162)
	at org.apache.maven.surefire.booter.ForkedBooter.run(ForkedBooter.java:507)
	at org.apache.maven.surefire.booter.ForkedBooter.main(ForkedBooter.java:495)
Caused by: org.hibernate.exception.JDBCConnectionException: Error calling Driver#connect [Connection to localhost:5433 refused. Check that the hostname and port are correct and that the postmaster is accepting TCP/IP connections.] [null]
	at org.hibernate.exception.internal.SQLStateConversionDelegate.convert(SQLStateConversionDelegate.java:100)
	at org.hibernate.exception.internal.StandardSQLExceptionConverter.convert(StandardSQLExceptionConverter.java:58)
	at org.hibernate.engine.jdbc.spi.SqlExceptionHelper.convert(SqlExceptionHelper.java:108)
	at org.hibernate.engine.jdbc.connections.internal.BasicConnectionCreator.convertSqlException(BasicConnectionCreator.java:134)
	at org.hibernate.engine.jdbc.connections.internal.DriverConnectionCreator.makeConnection(DriverConnectionCreator.java:43)
	at org.hibernate.engine.jdbc.connections.internal.BasicConnectionCreator.createConnection(BasicConnectionCreator.java:61)
	at org.hibernate.engine.jdbc.connections.internal.DriverManagerConnectionProviderImpl$PooledConnections.addConnections(DriverManagerConnectionProviderImpl.java:499)
	at org.hibernate.engine.jdbc.connections.internal.DriverManagerConnectionProviderImpl$PooledConnections.<init>(DriverManagerConnectionProviderImpl.java:372)
	at org.hibernate.engine.jdbc.connections.internal.DriverManagerConnectionProviderImpl$PooledConnections$Builder.build(DriverManagerConnectionProviderImpl.java:550)
	at org.hibernate.engine.jdbc.connections.internal.DriverManagerConnectionProviderImpl.buildPool(DriverManagerConnectionProviderImpl.java:102)
	at org.hibernate.engine.jdbc.connections.internal.DriverManagerConnectionProviderImpl.configure(DriverManagerConnectionProviderImpl.java:82)
	at org.hibernate.boot.registry.internal.StandardServiceRegistryImpl.configureService(StandardServiceRegistryImpl.java:136)
	at org.hibernate.service.internal.AbstractServiceRegistryImpl.initializeService(AbstractServiceRegistryImpl.java:247)
	at org.hibernate.service.internal.AbstractServiceRegistryImpl.getService(AbstractServiceRegistryImpl.java:215)
	at org.hibernate.engine.jdbc.env.internal.JdbcEnvironmentInitiator.buildJdbcConnectionAccess(JdbcEnvironmentInitiator.java:395)
	at org.hibernate.engine.jdbc.env.internal.JdbcEnvironmentInitiator.getJdbcEnvironmentUsingJdbcMetadata(JdbcEnvironmentInitiator.java:262)
	at org.hibernate.engine.jdbc.env.internal.JdbcEnvironmentInitiator.initiateService(JdbcEnvironmentInitiator.java:107)
	at org.hibernate.engine.jdbc.env.internal.JdbcEnvironmentInitiator.initiateService(JdbcEnvironmentInitiator.java:68)
	at org.hibernate.boot.registry.internal.StandardServiceRegistryImpl.initiateService(StandardServiceRegistryImpl.java:130)
	at org.hibernate.service.internal.AbstractServiceRegistryImpl.createService(AbstractServiceRegistryImpl.java:263)
	... 72 common frames omitted
Caused by: org.postgresql.util.PSQLException: Connection to localhost:5433 refused. Check that the hostname and port are correct and that the postmaster is accepting TCP/IP connections.
	at org.postgresql.core.v3.ConnectionFactoryImpl.openConnectionImpl(ConnectionFactoryImpl.java:346)
	at org.postgresql.core.ConnectionFactory.openConnection(ConnectionFactory.java:54)
	at org.postgresql.jdbc.PgConnection.<init>(PgConnection.java:273)
	at org.postgresql.Driver.makeConnection(Driver.java:446)
	at org.postgresql.Driver.connect(Driver.java:298)
	at org.hibernate.engine.jdbc.connections.internal.DriverConnectionCreator.makeConnection(DriverConnectionCreator.java:40)
	... 87 common frames omitted
Caused by: java.net.ConnectException: Connexion refusée
	at java.base/sun.nio.ch.Net.pollConnect(Native Method)
	at java.base/sun.nio.ch.Net.pollConnectNow(Net.java:639)
	at java.base/sun.nio.ch.NioSocketImpl.timedFinishConnect(NioSocketImpl.java:543)
	at java.base/sun.nio.ch.NioSocketImpl.connect(NioSocketImpl.java:594)
	at java.base/java.net.SocksSocketImpl.connect(SocksSocketImpl.java:284)
	at java.base/java.net.Socket.connect(Socket.java:659)
	at org.postgresql.core.PGStream.createSocket(PGStream.java:243)
	at org.postgresql.core.PGStream.<init>(PGStream.java:98)
	at org.postgresql.core.v3.ConnectionFactoryImpl.tryConnect(ConnectionFactoryImpl.java:136)
	at org.postgresql.core.v3.ConnectionFactoryImpl.openConnectionImpl(ConnectionFactoryImpl.java:262)
	... 92 common frames omitted
2026-07-21 09:06:45 [main] INFO  c.p.d.DatabaseConnectionManager - Initialisation de la SessionFactory Hibernate...
2026-07-21 09:06:46 [main] INFO  c.p.d.DatabaseConnectionManager - Chargement des configurations depuis database.properties...
2026-07-21 09:06:46 [main] ERROR c.p.d.DatabaseConnectionManager - Échec de la création de la SessionFactory Hibernate.
org.hibernate.service.spi.ServiceException: Unable to create requested service [org.hibernate.engine.jdbc.env.spi.JdbcEnvironment] due to: Error calling Driver#connect [Connection to localhost:5433 refused. Check that the hostname and port are correct and that the postmaster is accepting TCP/IP connections.] [null]
	at org.hibernate.service.internal.AbstractServiceRegistryImpl.createService(AbstractServiceRegistryImpl.java:276)
	at org.hibernate.service.internal.AbstractServiceRegistryImpl.initializeService(AbstractServiceRegistryImpl.java:238)
	at org.hibernate.service.internal.AbstractServiceRegistryImpl.getService(AbstractServiceRegistryImpl.java:215)
	at org.hibernate.boot.model.relational.Database.<init>(Database.java:45)
	at org.hibernate.boot.internal.InFlightMetadataCollectorImpl.getDatabase(InFlightMetadataCollectorImpl.java:223)
	at org.hibernate.boot.internal.InFlightMetadataCollectorImpl.<init>(InFlightMetadataCollectorImpl.java:191)
	at org.hibernate.boot.model.process.spi.MetadataBuildingProcess.complete(MetadataBuildingProcess.java:170)
	at org.hibernate.boot.model.process.spi.MetadataBuildingProcess.build(MetadataBuildingProcess.java:129)
	at org.hibernate.boot.internal.MetadataBuilderImpl.build(MetadataBuilderImpl.java:449)
	at org.hibernate.boot.internal.MetadataBuilderImpl.build(MetadataBuilderImpl.java:101)
	at org.hibernate.cfg.Configuration.buildSessionFactory(Configuration.java:910)
	at org.hibernate.cfg.Configuration.buildSessionFactory(Configuration.java:960)
	at com.prisma.database.DatabaseConnectionManager.getSessionFactory(DatabaseConnectionManager.java:56)
	at com.prisma.database.DatabaseConnectionTest.setUp(DatabaseConnectionTest.java:20)
	at java.base/jdk.internal.reflect.DirectMethodHandleAccessor.invoke(DirectMethodHandleAccessor.java:104)
	at java.base/java.lang.reflect.Method.invoke(Method.java:565)
	at org.junit.platform.commons.util.ReflectionUtils.invokeMethod(ReflectionUtils.java:728)
	at org.junit.jupiter.engine.execution.MethodInvocation.proceed(MethodInvocation.java:60)
	at org.junit.jupiter.engine.execution.InvocationInterceptorChain$ValidatingInvocation.proceed(InvocationInterceptorChain.java:131)
	at org.junit.jupiter.engine.extension.TimeoutExtension.intercept(TimeoutExtension.java:156)
	at org.junit.jupiter.engine.extension.TimeoutExtension.interceptLifecycleMethod(TimeoutExtension.java:128)
	at org.junit.jupiter.engine.extension.TimeoutExtension.interceptBeforeAllMethod(TimeoutExtension.java:70)
	at org.junit.jupiter.engine.execution.InterceptingExecutableInvoker$ReflectiveInterceptorCall.lambda$ofVoidMethod$0(InterceptingExecutableInvoker.java:103)
	at org.junit.jupiter.engine.execution.InterceptingExecutableInvoker.lambda$invoke$0(InterceptingExecutableInvoker.java:93)
	at org.junit.jupiter.engine.execution.InvocationInterceptorChain$InterceptedInvocation.proceed(InvocationInterceptorChain.java:106)
	at org.junit.jupiter.engine.execution.InvocationInterceptorChain.proceed(InvocationInterceptorChain.java:64)
	at org.junit.jupiter.engine.execution.InvocationInterceptorChain.chainAndInvoke(InvocationInterceptorChain.java:45)
	at org.junit.jupiter.engine.execution.InvocationInterceptorChain.invoke(InvocationInterceptorChain.java:37)
	at org.junit.jupiter.engine.execution.InterceptingExecutableInvoker.invoke(InterceptingExecutableInvoker.java:92)
	at org.junit.jupiter.engine.execution.InterceptingExecutableInvoker.invoke(InterceptingExecutableInvoker.java:86)
	at org.junit.jupiter.engine.descriptor.ClassBasedTestDescriptor.lambda$invokeBeforeAllMethods$13(ClassBasedTestDescriptor.java:412)
	at org.junit.platform.engine.support.hierarchical.ThrowableCollector.execute(ThrowableCollector.java:73)
	at org.junit.jupiter.engine.descriptor.ClassBasedTestDescriptor.invokeBeforeAllMethods(ClassBasedTestDescriptor.java:410)
	at org.junit.jupiter.engine.descriptor.ClassBasedTestDescriptor.before(ClassBasedTestDescriptor.java:216)
	at org.junit.jupiter.engine.descriptor.ClassBasedTestDescriptor.before(ClassBasedTestDescriptor.java:85)
	at org.junit.platform.engine.support.hierarchical.NodeTestTask.lambda$executeRecursively$6(NodeTestTask.java:148)
	at org.junit.platform.engine.support.hierarchical.ThrowableCollector.execute(ThrowableCollector.java:73)
	at org.junit.platform.engine.support.hierarchical.NodeTestTask.lambda$executeRecursively$8(NodeTestTask.java:141)
	at org.junit.platform.engine.support.hierarchical.Node.around(Node.java:137)
	at org.junit.platform.engine.support.hierarchical.NodeTestTask.lambda$executeRecursively$9(NodeTestTask.java:139)
	at org.junit.platform.engine.support.hierarchical.ThrowableCollector.execute(ThrowableCollector.java:73)
	at org.junit.platform.engine.support.hierarchical.NodeTestTask.executeRecursively(NodeTestTask.java:138)
	at org.junit.platform.engine.support.hierarchical.NodeTestTask.execute(NodeTestTask.java:95)
	at java.base/java.util.ArrayList.forEach(ArrayList.java:1604)
	at org.junit.platform.engine.support.hierarchical.SameThreadHierarchicalTestExecutorService.invokeAll(SameThreadHierarchicalTestExecutorService.java:41)
	at org.junit.platform.engine.support.hierarchical.NodeTestTask.lambda$executeRecursively$6(NodeTestTask.java:155)
	at org.junit.platform.engine.support.hierarchical.ThrowableCollector.execute(ThrowableCollector.java:73)
	at org.junit.platform.engine.support.hierarchical.NodeTestTask.lambda$executeRecursively$8(NodeTestTask.java:141)
	at org.junit.platform.engine.support.hierarchical.Node.around(Node.java:137)
	at org.junit.platform.engine.support.hierarchical.NodeTestTask.lambda$executeRecursively$9(NodeTestTask.java:139)
	at org.junit.platform.engine.support.hierarchical.ThrowableCollector.execute(ThrowableCollector.java:73)
	at org.junit.platform.engine.support.hierarchical.NodeTestTask.executeRecursively(NodeTestTask.java:138)
	at org.junit.platform.engine.support.hierarchical.NodeTestTask.execute(NodeTestTask.java:95)
	at org.junit.platform.engine.support.hierarchical.SameThreadHierarchicalTestExecutorService.submit(SameThreadHierarchicalTestExecutorService.java:35)
	at org.junit.platform.engine.support.hierarchical.HierarchicalTestExecutor.execute(HierarchicalTestExecutor.java:57)
	at org.junit.platform.engine.support.hierarchical.HierarchicalTestEngine.execute(HierarchicalTestEngine.java:54)
	at org.junit.platform.launcher.core.EngineExecutionOrchestrator.execute(EngineExecutionOrchestrator.java:198)
	at org.junit.platform.launcher.core.EngineExecutionOrchestrator.execute(EngineExecutionOrchestrator.java:169)
	at org.junit.platform.launcher.core.EngineExecutionOrchestrator.execute(EngineExecutionOrchestrator.java:93)
	at org.junit.platform.launcher.core.EngineExecutionOrchestrator.lambda$execute$0(EngineExecutionOrchestrator.java:58)
	at org.junit.platform.launcher.core.EngineExecutionOrchestrator.withInterceptedStreams(EngineExecutionOrchestrator.java:141)
	at org.junit.platform.launcher.core.EngineExecutionOrchestrator.execute(EngineExecutionOrchestrator.java:57)
	at org.junit.platform.launcher.core.DefaultLauncher.execute(DefaultLauncher.java:103)
	at org.junit.platform.launcher.core.DefaultLauncher.execute(DefaultLauncher.java:85)
	at org.junit.platform.launcher.core.DelegatingLauncher.execute(DelegatingLauncher.java:47)
	at org.apache.maven.surefire.junitplatform.LazyLauncher.execute(LazyLauncher.java:56)
	at org.apache.maven.surefire.junitplatform.JUnitPlatformProvider.execute(JUnitPlatformProvider.java:184)
	at org.apache.maven.surefire.junitplatform.JUnitPlatformProvider.invokeAllTests(JUnitPlatformProvider.java:148)
	at org.apache.maven.surefire.junitplatform.JUnitPlatformProvider.invoke(JUnitPlatformProvider.java:122)
	at org.apache.maven.surefire.booter.ForkedBooter.runSuitesInProcess(ForkedBooter.java:385)
	at org.apache.maven.surefire.booter.ForkedBooter.execute(ForkedBooter.java:162)
	at org.apache.maven.surefire.booter.ForkedBooter.run(ForkedBooter.java:507)
	at org.apache.maven.surefire.booter.ForkedBooter.main(ForkedBooter.java:495)
Caused by: org.hibernate.exception.JDBCConnectionException: Error calling Driver#connect [Connection to localhost:5433 refused. Check that the hostname and port are correct and that the postmaster is accepting TCP/IP connections.] [null]
	at org.hibernate.exception.internal.SQLStateConversionDelegate.convert(SQLStateConversionDelegate.java:100)
	at org.hibernate.exception.internal.StandardSQLExceptionConverter.convert(StandardSQLExceptionConverter.java:58)
	at org.hibernate.engine.jdbc.spi.SqlExceptionHelper.convert(SqlExceptionHelper.java:108)
	at org.hibernate.engine.jdbc.connections.internal.BasicConnectionCreator.convertSqlException(BasicConnectionCreator.java:134)
	at org.hibernate.engine.jdbc.connections.internal.DriverConnectionCreator.makeConnection(DriverConnectionCreator.java:43)
	at org.hibernate.engine.jdbc.connections.internal.BasicConnectionCreator.createConnection(BasicConnectionCreator.java:61)
	at org.hibernate.engine.jdbc.connections.internal.DriverManagerConnectionProviderImpl$PooledConnections.addConnections(DriverManagerConnectionProviderImpl.java:499)
	at org.hibernate.engine.jdbc.connections.internal.DriverManagerConnectionProviderImpl$PooledConnections.<init>(DriverManagerConnectionProviderImpl.java:372)
	at org.hibernate.engine.jdbc.connections.internal.DriverManagerConnectionProviderImpl$PooledConnections$Builder.build(DriverManagerConnectionProviderImpl.java:550)
	at org.hibernate.engine.jdbc.connections.internal.DriverManagerConnectionProviderImpl.buildPool(DriverManagerConnectionProviderImpl.java:102)
	at org.hibernate.engine.jdbc.connections.internal.DriverManagerConnectionProviderImpl.configure(DriverManagerConnectionProviderImpl.java:82)
	at org.hibernate.boot.registry.internal.StandardServiceRegistryImpl.configureService(StandardServiceRegistryImpl.java:136)
	at org.hibernate.service.internal.AbstractServiceRegistryImpl.initializeService(AbstractServiceRegistryImpl.java:247)
	at org.hibernate.service.internal.AbstractServiceRegistryImpl.getService(AbstractServiceRegistryImpl.java:215)
	at org.hibernate.engine.jdbc.env.internal.JdbcEnvironmentInitiator.buildJdbcConnectionAccess(JdbcEnvironmentInitiator.java:395)
	at org.hibernate.engine.jdbc.env.internal.JdbcEnvironmentInitiator.getJdbcEnvironmentUsingJdbcMetadata(JdbcEnvironmentInitiator.java:262)
	at org.hibernate.engine.jdbc.env.internal.JdbcEnvironmentInitiator.initiateService(JdbcEnvironmentInitiator.java:107)
	at org.hibernate.engine.jdbc.env.internal.JdbcEnvironmentInitiator.initiateService(JdbcEnvironmentInitiator.java:68)
	at org.hibernate.boot.registry.internal.StandardServiceRegistryImpl.initiateService(StandardServiceRegistryImpl.java:130)
	at org.hibernate.service.internal.AbstractServiceRegistryImpl.createService(AbstractServiceRegistryImpl.java:263)
	... 72 common frames omitted
Caused by: org.postgresql.util.PSQLException: Connection to localhost:5433 refused. Check that the hostname and port are correct and that the postmaster is accepting TCP/IP connections.
	at org.postgresql.core.v3.ConnectionFactoryImpl.openConnectionImpl(ConnectionFactoryImpl.java:346)
	at org.postgresql.core.ConnectionFactory.openConnection(ConnectionFactory.java:54)
	at org.postgresql.jdbc.PgConnection.<init>(PgConnection.java:273)
	at org.postgresql.Driver.makeConnection(Driver.java:446)
	at org.postgresql.Driver.connect(Driver.java:298)
	at org.hibernate.engine.jdbc.connections.internal.DriverConnectionCreator.makeConnection(DriverConnectionCreator.java:40)
	... 87 common frames omitted
Caused by: java.net.ConnectException: Connexion refusée
	at java.base/sun.nio.ch.Net.pollConnect(Native Method)
	at java.base/sun.nio.ch.Net.pollConnectNow(Net.java:639)
	at java.base/sun.nio.ch.NioSocketImpl.timedFinishConnect(NioSocketImpl.java:543)
	at java.base/sun.nio.ch.NioSocketImpl.connect(NioSocketImpl.java:594)
	at java.base/java.net.SocksSocketImpl.connect(SocksSocketImpl.java:284)
	at java.base/java.net.Socket.connect(Socket.java:659)
	at org.postgresql.core.PGStream.createSocket(PGStream.java:243)
	at org.postgresql.core.PGStream.<init>(PGStream.java:98)
	at org.postgresql.core.v3.ConnectionFactoryImpl.tryConnect(ConnectionFactoryImpl.java:136)
	at org.postgresql.core.v3.ConnectionFactoryImpl.openConnectionImpl(ConnectionFactoryImpl.java:262)
	... 92 common frames omitted
2026-07-21 09:08:45 [main] INFO  c.p.service.impl.EleveServiceImpl - Suppression de l'élève ID: 5
2026-07-21 09:08:45 [main] INFO  c.p.service.impl.EleveServiceImpl - Création de l'élève: DUPONT Jean
2026-07-21 09:08:46 [main] INFO  c.p.service.impl.SecurityServiceImpl - Connexion réussie pour l'utilisateur: admin (rôle: ADMINISTRATEUR)
2026-07-21 09:08:46 [main] WARN  c.p.service.impl.SecurityServiceImpl - Tentative de connexion échouée pour le compte inexistant: inconnu
2026-07-21 09:08:46 [main] WARN  c.p.service.impl.SecurityServiceImpl - Accès refusé pour l'utilisateur admin (rôle: ADMINISTRATEUR). Rôles requis: [DIRECTEUR, PROFESSEUR]
2026-07-21 09:08:47 [main] WARN  c.p.service.impl.SecurityServiceImpl - Mot de passe incorrect pour l'utilisateur: admin
2026-07-21 09:08:47 [main] INFO  c.p.service.impl.SecurityServiceImpl - Déconnexion de l'utilisateur: admin
2026-07-21 09:08:48 [main] WARN  c.p.service.impl.SecurityServiceImpl - Tentative de connexion sur un compte désactivé: admin
2026-07-21 09:08:48 [main] INFO  c.p.d.DatabaseConnectionManager - Initialisation de la SessionFactory Hibernate...
2026-07-21 09:08:49 [main] INFO  c.p.d.DatabaseConnectionManager - Chargement des configurations depuis database.properties...
2026-07-21 09:08:49 [main] ERROR c.p.d.DatabaseConnectionManager - Échec de la création de la SessionFactory Hibernate.
org.hibernate.service.spi.ServiceException: Unable to create requested service [org.hibernate.engine.jdbc.env.spi.JdbcEnvironment] due to: Error calling Driver#connect [Connection to localhost:5433 refused. Check that the hostname and port are correct and that the postmaster is accepting TCP/IP connections.] [null]
	at org.hibernate.service.internal.AbstractServiceRegistryImpl.createService(AbstractServiceRegistryImpl.java:276)
	at org.hibernate.service.internal.AbstractServiceRegistryImpl.initializeService(AbstractServiceRegistryImpl.java:238)
	at org.hibernate.service.internal.AbstractServiceRegistryImpl.getService(AbstractServiceRegistryImpl.java:215)
	at org.hibernate.boot.model.relational.Database.<init>(Database.java:45)
	at org.hibernate.boot.internal.InFlightMetadataCollectorImpl.getDatabase(InFlightMetadataCollectorImpl.java:223)
	at org.hibernate.boot.internal.InFlightMetadataCollectorImpl.<init>(InFlightMetadataCollectorImpl.java:191)
	at org.hibernate.boot.model.process.spi.MetadataBuildingProcess.complete(MetadataBuildingProcess.java:170)
	at org.hibernate.boot.model.process.spi.MetadataBuildingProcess.build(MetadataBuildingProcess.java:129)
	at org.hibernate.boot.internal.MetadataBuilderImpl.build(MetadataBuilderImpl.java:449)
	at org.hibernate.boot.internal.MetadataBuilderImpl.build(MetadataBuilderImpl.java:101)
	at org.hibernate.cfg.Configuration.buildSessionFactory(Configuration.java:910)
	at org.hibernate.cfg.Configuration.buildSessionFactory(Configuration.java:960)
	at com.prisma.database.DatabaseConnectionManager.getSessionFactory(DatabaseConnectionManager.java:56)
	at com.prisma.database.DatabaseConnectionTest.setUp(DatabaseConnectionTest.java:20)
	at java.base/jdk.internal.reflect.DirectMethodHandleAccessor.invoke(DirectMethodHandleAccessor.java:104)
	at java.base/java.lang.reflect.Method.invoke(Method.java:565)
	at org.junit.platform.commons.util.ReflectionUtils.invokeMethod(ReflectionUtils.java:728)
	at org.junit.jupiter.engine.execution.MethodInvocation.proceed(MethodInvocation.java:60)
	at org.junit.jupiter.engine.execution.InvocationInterceptorChain$ValidatingInvocation.proceed(InvocationInterceptorChain.java:131)
	at org.junit.jupiter.engine.extension.TimeoutExtension.intercept(TimeoutExtension.java:156)
	at org.junit.jupiter.engine.extension.TimeoutExtension.interceptLifecycleMethod(TimeoutExtension.java:128)
	at org.junit.jupiter.engine.extension.TimeoutExtension.interceptBeforeAllMethod(TimeoutExtension.java:70)
	at org.junit.jupiter.engine.execution.InterceptingExecutableInvoker$ReflectiveInterceptorCall.lambda$ofVoidMethod$0(InterceptingExecutableInvoker.java:103)
	at org.junit.jupiter.engine.execution.InterceptingExecutableInvoker.lambda$invoke$0(InterceptingExecutableInvoker.java:93)
	at org.junit.jupiter.engine.execution.InvocationInterceptorChain$InterceptedInvocation.proceed(InvocationInterceptorChain.java:106)
	at org.junit.jupiter.engine.execution.InvocationInterceptorChain.proceed(InvocationInterceptorChain.java:64)
	at org.junit.jupiter.engine.execution.InvocationInterceptorChain.chainAndInvoke(InvocationInterceptorChain.java:45)
	at org.junit.jupiter.engine.execution.InvocationInterceptorChain.invoke(InvocationInterceptorChain.java:37)
	at org.junit.jupiter.engine.execution.InterceptingExecutableInvoker.invoke(InterceptingExecutableInvoker.java:92)
	at org.junit.jupiter.engine.execution.InterceptingExecutableInvoker.invoke(InterceptingExecutableInvoker.java:86)
	at org.junit.jupiter.engine.descriptor.ClassBasedTestDescriptor.lambda$invokeBeforeAllMethods$13(ClassBasedTestDescriptor.java:412)
	at org.junit.platform.engine.support.hierarchical.ThrowableCollector.execute(ThrowableCollector.java:73)
	at org.junit.jupiter.engine.descriptor.ClassBasedTestDescriptor.invokeBeforeAllMethods(ClassBasedTestDescriptor.java:410)
	at org.junit.jupiter.engine.descriptor.ClassBasedTestDescriptor.before(ClassBasedTestDescriptor.java:216)
	at org.junit.jupiter.engine.descriptor.ClassBasedTestDescriptor.before(ClassBasedTestDescriptor.java:85)
	at org.junit.platform.engine.support.hierarchical.NodeTestTask.lambda$executeRecursively$6(NodeTestTask.java:148)
	at org.junit.platform.engine.support.hierarchical.ThrowableCollector.execute(ThrowableCollector.java:73)
	at org.junit.platform.engine.support.hierarchical.NodeTestTask.lambda$executeRecursively$8(NodeTestTask.java:141)
	at org.junit.platform.engine.support.hierarchical.Node.around(Node.java:137)
	at org.junit.platform.engine.support.hierarchical.NodeTestTask.lambda$executeRecursively$9(NodeTestTask.java:139)
	at org.junit.platform.engine.support.hierarchical.ThrowableCollector.execute(ThrowableCollector.java:73)
	at org.junit.platform.engine.support.hierarchical.NodeTestTask.executeRecursively(NodeTestTask.java:138)
	at org.junit.platform.engine.support.hierarchical.NodeTestTask.execute(NodeTestTask.java:95)
	at java.base/java.util.ArrayList.forEach(ArrayList.java:1604)
	at org.junit.platform.engine.support.hierarchical.SameThreadHierarchicalTestExecutorService.invokeAll(SameThreadHierarchicalTestExecutorService.java:41)
	at org.junit.platform.engine.support.hierarchical.NodeTestTask.lambda$executeRecursively$6(NodeTestTask.java:155)
	at org.junit.platform.engine.support.hierarchical.ThrowableCollector.execute(ThrowableCollector.java:73)
	at org.junit.platform.engine.support.hierarchical.NodeTestTask.lambda$executeRecursively$8(NodeTestTask.java:141)
	at org.junit.platform.engine.support.hierarchical.Node.around(Node.java:137)
	at org.junit.platform.engine.support.hierarchical.NodeTestTask.lambda$executeRecursively$9(NodeTestTask.java:139)
	at org.junit.platform.engine.support.hierarchical.ThrowableCollector.execute(ThrowableCollector.java:73)
	at org.junit.platform.engine.support.hierarchical.NodeTestTask.executeRecursively(NodeTestTask.java:138)
	at org.junit.platform.engine.support.hierarchical.NodeTestTask.execute(NodeTestTask.java:95)
	at org.junit.platform.engine.support.hierarchical.SameThreadHierarchicalTestExecutorService.submit(SameThreadHierarchicalTestExecutorService.java:35)
	at org.junit.platform.engine.support.hierarchical.HierarchicalTestExecutor.execute(HierarchicalTestExecutor.java:57)
	at org.junit.platform.engine.support.hierarchical.HierarchicalTestEngine.execute(HierarchicalTestEngine.java:54)
	at org.junit.platform.launcher.core.EngineExecutionOrchestrator.execute(EngineExecutionOrchestrator.java:198)
	at org.junit.platform.launcher.core.EngineExecutionOrchestrator.execute(EngineExecutionOrchestrator.java:169)
	at org.junit.platform.launcher.core.EngineExecutionOrchestrator.execute(EngineExecutionOrchestrator.java:93)
	at org.junit.platform.launcher.core.EngineExecutionOrchestrator.lambda$execute$0(EngineExecutionOrchestrator.java:58)
	at org.junit.platform.launcher.core.EngineExecutionOrchestrator.withInterceptedStreams(EngineExecutionOrchestrator.java:141)
	at org.junit.platform.launcher.core.EngineExecutionOrchestrator.execute(EngineExecutionOrchestrator.java:57)
	at org.junit.platform.launcher.core.DefaultLauncher.execute(DefaultLauncher.java:103)
	at org.junit.platform.launcher.core.DefaultLauncher.execute(DefaultLauncher.java:85)
	at org.junit.platform.launcher.core.DelegatingLauncher.execute(DelegatingLauncher.java:47)
	at org.apache.maven.surefire.junitplatform.LazyLauncher.execute(LazyLauncher.java:56)
	at org.apache.maven.surefire.junitplatform.JUnitPlatformProvider.execute(JUnitPlatformProvider.java:184)
	at org.apache.maven.surefire.junitplatform.JUnitPlatformProvider.invokeAllTests(JUnitPlatformProvider.java:148)
	at org.apache.maven.surefire.junitplatform.JUnitPlatformProvider.invoke(JUnitPlatformProvider.java:122)
	at org.apache.maven.surefire.booter.ForkedBooter.runSuitesInProcess(ForkedBooter.java:385)
	at org.apache.maven.surefire.booter.ForkedBooter.execute(ForkedBooter.java:162)
	at org.apache.maven.surefire.booter.ForkedBooter.run(ForkedBooter.java:507)
	at org.apache.maven.surefire.booter.ForkedBooter.main(ForkedBooter.java:495)
Caused by: org.hibernate.exception.JDBCConnectionException: Error calling Driver#connect [Connection to localhost:5433 refused. Check that the hostname and port are correct and that the postmaster is accepting TCP/IP connections.] [null]
	at org.hibernate.exception.internal.SQLStateConversionDelegate.convert(SQLStateConversionDelegate.java:100)
	at org.hibernate.exception.internal.StandardSQLExceptionConverter.convert(StandardSQLExceptionConverter.java:58)
	at org.hibernate.engine.jdbc.spi.SqlExceptionHelper.convert(SqlExceptionHelper.java:108)
	at org.hibernate.engine.jdbc.connections.internal.BasicConnectionCreator.convertSqlException(BasicConnectionCreator.java:134)
	at org.hibernate.engine.jdbc.connections.internal.DriverConnectionCreator.makeConnection(DriverConnectionCreator.java:43)
	at org.hibernate.engine.jdbc.connections.internal.BasicConnectionCreator.createConnection(BasicConnectionCreator.java:61)
	at org.hibernate.engine.jdbc.connections.internal.DriverManagerConnectionProviderImpl$PooledConnections.addConnections(DriverManagerConnectionProviderImpl.java:499)
	at org.hibernate.engine.jdbc.connections.internal.DriverManagerConnectionProviderImpl$PooledConnections.<init>(DriverManagerConnectionProviderImpl.java:372)
	at org.hibernate.engine.jdbc.connections.internal.DriverManagerConnectionProviderImpl$PooledConnections$Builder.build(DriverManagerConnectionProviderImpl.java:550)
	at org.hibernate.engine.jdbc.connections.internal.DriverManagerConnectionProviderImpl.buildPool(DriverManagerConnectionProviderImpl.java:102)
	at org.hibernate.engine.jdbc.connections.internal.DriverManagerConnectionProviderImpl.configure(DriverManagerConnectionProviderImpl.java:82)
	at org.hibernate.boot.registry.internal.StandardServiceRegistryImpl.configureService(StandardServiceRegistryImpl.java:136)
	at org.hibernate.service.internal.AbstractServiceRegistryImpl.initializeService(AbstractServiceRegistryImpl.java:247)
	at org.hibernate.service.internal.AbstractServiceRegistryImpl.getService(AbstractServiceRegistryImpl.java:215)
	at org.hibernate.engine.jdbc.env.internal.JdbcEnvironmentInitiator.buildJdbcConnectionAccess(JdbcEnvironmentInitiator.java:395)
	at org.hibernate.engine.jdbc.env.internal.JdbcEnvironmentInitiator.getJdbcEnvironmentUsingJdbcMetadata(JdbcEnvironmentInitiator.java:262)
	at org.hibernate.engine.jdbc.env.internal.JdbcEnvironmentInitiator.initiateService(JdbcEnvironmentInitiator.java:107)
	at org.hibernate.engine.jdbc.env.internal.JdbcEnvironmentInitiator.initiateService(JdbcEnvironmentInitiator.java:68)
	at org.hibernate.boot.registry.internal.StandardServiceRegistryImpl.initiateService(StandardServiceRegistryImpl.java:130)
	at org.hibernate.service.internal.AbstractServiceRegistryImpl.createService(AbstractServiceRegistryImpl.java:263)
	... 72 common frames omitted
Caused by: org.postgresql.util.PSQLException: Connection to localhost:5433 refused. Check that the hostname and port are correct and that the postmaster is accepting TCP/IP connections.
	at org.postgresql.core.v3.ConnectionFactoryImpl.openConnectionImpl(ConnectionFactoryImpl.java:346)
	at org.postgresql.core.ConnectionFactory.openConnection(ConnectionFactory.java:54)
	at org.postgresql.jdbc.PgConnection.<init>(PgConnection.java:273)
	at org.postgresql.Driver.makeConnection(Driver.java:446)
	at org.postgresql.Driver.connect(Driver.java:298)
	at org.hibernate.engine.jdbc.connections.internal.DriverConnectionCreator.makeConnection(DriverConnectionCreator.java:40)
	... 87 common frames omitted
Caused by: java.net.ConnectException: Connexion refusée
	at java.base/sun.nio.ch.Net.pollConnect(Native Method)
	at java.base/sun.nio.ch.Net.pollConnectNow(Net.java:639)
	at java.base/sun.nio.ch.NioSocketImpl.timedFinishConnect(NioSocketImpl.java:543)
	at java.base/sun.nio.ch.NioSocketImpl.connect(NioSocketImpl.java:594)
	at java.base/java.net.SocksSocketImpl.connect(SocksSocketImpl.java:284)
	at java.base/java.net.Socket.connect(Socket.java:659)
	at org.postgresql.core.PGStream.createSocket(PGStream.java:243)
	at org.postgresql.core.PGStream.<init>(PGStream.java:98)
	at org.postgresql.core.v3.ConnectionFactoryImpl.tryConnect(ConnectionFactoryImpl.java:136)
	at org.postgresql.core.v3.ConnectionFactoryImpl.openConnectionImpl(ConnectionFactoryImpl.java:262)
	... 92 common frames omitted
2026-07-21 09:10:26 [main] INFO  c.p.service.impl.EleveServiceImpl - Suppression de l'élève ID: 5
2026-07-21 09:10:26 [main] INFO  c.p.service.impl.EleveServiceImpl - Création de l'élève: DUPONT Jean
2026-07-21 09:10:27 [main] INFO  c.p.service.impl.SecurityServiceImpl - Connexion réussie pour l'utilisateur: admin (rôle: ADMINISTRATEUR)
2026-07-21 09:10:27 [main] WARN  c.p.service.impl.SecurityServiceImpl - Tentative de connexion échouée pour le compte inexistant: inconnu
2026-07-21 09:10:27 [main] WARN  c.p.service.impl.SecurityServiceImpl - Accès refusé pour l'utilisateur admin (rôle: ADMINISTRATEUR). Rôles requis: [DIRECTEUR, PROFESSEUR]
2026-07-21 09:10:28 [main] WARN  c.p.service.impl.SecurityServiceImpl - Mot de passe incorrect pour l'utilisateur: admin
2026-07-21 09:10:29 [main] INFO  c.p.service.impl.SecurityServiceImpl - Déconnexion de l'utilisateur: admin
2026-07-21 09:10:29 [main] WARN  c.p.service.impl.SecurityServiceImpl - Tentative de connexion sur un compte désactivé: admin
2026-07-21 09:10:30 [main] INFO  c.p.d.DatabaseConnectionManager - Initialisation de la SessionFactory Hibernate...
2026-07-21 09:10:30 [main] INFO  c.p.d.DatabaseConnectionManager - Chargement des configurations depuis database.properties...
2026-07-21 09:10:30 [main] ERROR c.p.d.DatabaseConnectionManager - Échec de la création de la SessionFactory Hibernate.
org.hibernate.service.spi.ServiceException: Unable to create requested service [org.hibernate.engine.jdbc.env.spi.JdbcEnvironment] due to: Error calling Driver#connect [Connection to localhost:5433 refused. Check that the hostname and port are correct and that the postmaster is accepting TCP/IP connections.] [null]
	at org.hibernate.service.internal.AbstractServiceRegistryImpl.createService(AbstractServiceRegistryImpl.java:276)
	at org.hibernate.service.internal.AbstractServiceRegistryImpl.initializeService(AbstractServiceRegistryImpl.java:238)
	at org.hibernate.service.internal.AbstractServiceRegistryImpl.getService(AbstractServiceRegistryImpl.java:215)
	at org.hibernate.boot.model.relational.Database.<init>(Database.java:45)
	at org.hibernate.boot.internal.InFlightMetadataCollectorImpl.getDatabase(InFlightMetadataCollectorImpl.java:223)
	at org.hibernate.boot.internal.InFlightMetadataCollectorImpl.<init>(InFlightMetadataCollectorImpl.java:191)
	at org.hibernate.boot.model.process.spi.MetadataBuildingProcess.complete(MetadataBuildingProcess.java:170)
	at org.hibernate.boot.model.process.spi.MetadataBuildingProcess.build(MetadataBuildingProcess.java:129)
	at org.hibernate.boot.internal.MetadataBuilderImpl.build(MetadataBuilderImpl.java:449)
	at org.hibernate.boot.internal.MetadataBuilderImpl.build(MetadataBuilderImpl.java:101)
	at org.hibernate.cfg.Configuration.buildSessionFactory(Configuration.java:910)
	at org.hibernate.cfg.Configuration.buildSessionFactory(Configuration.java:960)
	at com.prisma.database.DatabaseConnectionManager.getSessionFactory(DatabaseConnectionManager.java:56)
	at com.prisma.database.DatabaseConnectionTest.setUp(DatabaseConnectionTest.java:21)
	at java.base/jdk.internal.reflect.DirectMethodHandleAccessor.invoke(DirectMethodHandleAccessor.java:104)
	at java.base/java.lang.reflect.Method.invoke(Method.java:565)
	at org.junit.platform.commons.util.ReflectionUtils.invokeMethod(ReflectionUtils.java:728)
	at org.junit.jupiter.engine.execution.MethodInvocation.proceed(MethodInvocation.java:60)
	at org.junit.jupiter.engine.execution.InvocationInterceptorChain$ValidatingInvocation.proceed(InvocationInterceptorChain.java:131)
	at org.junit.jupiter.engine.extension.TimeoutExtension.intercept(TimeoutExtension.java:156)
	at org.junit.jupiter.engine.extension.TimeoutExtension.interceptLifecycleMethod(TimeoutExtension.java:128)
	at org.junit.jupiter.engine.extension.TimeoutExtension.interceptBeforeAllMethod(TimeoutExtension.java:70)
	at org.junit.jupiter.engine.execution.InterceptingExecutableInvoker$ReflectiveInterceptorCall.lambda$ofVoidMethod$0(InterceptingExecutableInvoker.java:103)
	at org.junit.jupiter.engine.execution.InterceptingExecutableInvoker.lambda$invoke$0(InterceptingExecutableInvoker.java:93)
	at org.junit.jupiter.engine.execution.InvocationInterceptorChain$InterceptedInvocation.proceed(InvocationInterceptorChain.java:106)
	at org.junit.jupiter.engine.execution.InvocationInterceptorChain.proceed(InvocationInterceptorChain.java:64)
	at org.junit.jupiter.engine.execution.InvocationInterceptorChain.chainAndInvoke(InvocationInterceptorChain.java:45)
	at org.junit.jupiter.engine.execution.InvocationInterceptorChain.invoke(InvocationInterceptorChain.java:37)
	at org.junit.jupiter.engine.execution.InterceptingExecutableInvoker.invoke(InterceptingExecutableInvoker.java:92)
	at org.junit.jupiter.engine.execution.InterceptingExecutableInvoker.invoke(InterceptingExecutableInvoker.java:86)
	at org.junit.jupiter.engine.descriptor.ClassBasedTestDescriptor.lambda$invokeBeforeAllMethods$13(ClassBasedTestDescriptor.java:412)
	at org.junit.platform.engine.support.hierarchical.ThrowableCollector.execute(ThrowableCollector.java:73)
	at org.junit.jupiter.engine.descriptor.ClassBasedTestDescriptor.invokeBeforeAllMethods(ClassBasedTestDescriptor.java:410)
	at org.junit.jupiter.engine.descriptor.ClassBasedTestDescriptor.before(ClassBasedTestDescriptor.java:216)
	at org.junit.jupiter.engine.descriptor.ClassBasedTestDescriptor.before(ClassBasedTestDescriptor.java:85)
	at org.junit.platform.engine.support.hierarchical.NodeTestTask.lambda$executeRecursively$6(NodeTestTask.java:148)
	at org.junit.platform.engine.support.hierarchical.ThrowableCollector.execute(ThrowableCollector.java:73)
	at org.junit.platform.engine.support.hierarchical.NodeTestTask.lambda$executeRecursively$8(NodeTestTask.java:141)
	at org.junit.platform.engine.support.hierarchical.Node.around(Node.java:137)
	at org.junit.platform.engine.support.hierarchical.NodeTestTask.lambda$executeRecursively$9(NodeTestTask.java:139)
	at org.junit.platform.engine.support.hierarchical.ThrowableCollector.execute(ThrowableCollector.java:73)
	at org.junit.platform.engine.support.hierarchical.NodeTestTask.executeRecursively(NodeTestTask.java:138)
	at org.junit.platform.engine.support.hierarchical.NodeTestTask.execute(NodeTestTask.java:95)
	at java.base/java.util.ArrayList.forEach(ArrayList.java:1604)
	at org.junit.platform.engine.support.hierarchical.SameThreadHierarchicalTestExecutorService.invokeAll(SameThreadHierarchicalTestExecutorService.java:41)
	at org.junit.platform.engine.support.hierarchical.NodeTestTask.lambda$executeRecursively$6(NodeTestTask.java:155)
	at org.junit.platform.engine.support.hierarchical.ThrowableCollector.execute(ThrowableCollector.java:73)
	at org.junit.platform.engine.support.hierarchical.NodeTestTask.lambda$executeRecursively$8(NodeTestTask.java:141)
	at org.junit.platform.engine.support.hierarchical.Node.around(Node.java:137)
	at org.junit.platform.engine.support.hierarchical.NodeTestTask.lambda$executeRecursively$9(NodeTestTask.java:139)
	at org.junit.platform.engine.support.hierarchical.ThrowableCollector.execute(ThrowableCollector.java:73)
	at org.junit.platform.engine.support.hierarchical.NodeTestTask.executeRecursively(NodeTestTask.java:138)
	at org.junit.platform.engine.support.hierarchical.NodeTestTask.execute(NodeTestTask.java:95)
	at org.junit.platform.engine.support.hierarchical.SameThreadHierarchicalTestExecutorService.submit(SameThreadHierarchicalTestExecutorService.java:35)
	at org.junit.platform.engine.support.hierarchical.HierarchicalTestExecutor.execute(HierarchicalTestExecutor.java:57)
	at org.junit.platform.engine.support.hierarchical.HierarchicalTestEngine.execute(HierarchicalTestEngine.java:54)
	at org.junit.platform.launcher.core.EngineExecutionOrchestrator.execute(EngineExecutionOrchestrator.java:198)
	at org.junit.platform.launcher.core.EngineExecutionOrchestrator.execute(EngineExecutionOrchestrator.java:169)
	at org.junit.platform.launcher.core.EngineExecutionOrchestrator.execute(EngineExecutionOrchestrator.java:93)
	at org.junit.platform.launcher.core.EngineExecutionOrchestrator.lambda$execute$0(EngineExecutionOrchestrator.java:58)
	at org.junit.platform.launcher.core.EngineExecutionOrchestrator.withInterceptedStreams(EngineExecutionOrchestrator.java:141)
	at org.junit.platform.launcher.core.EngineExecutionOrchestrator.execute(EngineExecutionOrchestrator.java:57)
	at org.junit.platform.launcher.core.DefaultLauncher.execute(DefaultLauncher.java:103)
	at org.junit.platform.launcher.core.DefaultLauncher.execute(DefaultLauncher.java:85)
	at org.junit.platform.launcher.core.DelegatingLauncher.execute(DelegatingLauncher.java:47)
	at org.apache.maven.surefire.junitplatform.LazyLauncher.execute(LazyLauncher.java:56)
	at org.apache.maven.surefire.junitplatform.JUnitPlatformProvider.execute(JUnitPlatformProvider.java:184)
	at org.apache.maven.surefire.junitplatform.JUnitPlatformProvider.invokeAllTests(JUnitPlatformProvider.java:148)
	at org.apache.maven.surefire.junitplatform.JUnitPlatformProvider.invoke(JUnitPlatformProvider.java:122)
	at org.apache.maven.surefire.booter.ForkedBooter.runSuitesInProcess(ForkedBooter.java:385)
	at org.apache.maven.surefire.booter.ForkedBooter.execute(ForkedBooter.java:162)
	at org.apache.maven.surefire.booter.ForkedBooter.run(ForkedBooter.java:507)
	at org.apache.maven.surefire.booter.ForkedBooter.main(ForkedBooter.java:495)
Caused by: org.hibernate.exception.JDBCConnectionException: Error calling Driver#connect [Connection to localhost:5433 refused. Check that the hostname and port are correct and that the postmaster is accepting TCP/IP connections.] [null]
	at org.hibernate.exception.internal.SQLStateConversionDelegate.convert(SQLStateConversionDelegate.java:100)
	at org.hibernate.exception.internal.StandardSQLExceptionConverter.convert(StandardSQLExceptionConverter.java:58)
	at org.hibernate.engine.jdbc.spi.SqlExceptionHelper.convert(SqlExceptionHelper.java:108)
	at org.hibernate.engine.jdbc.connections.internal.BasicConnectionCreator.convertSqlException(BasicConnectionCreator.java:134)
	at org.hibernate.engine.jdbc.connections.internal.DriverConnectionCreator.makeConnection(DriverConnectionCreator.java:43)
	at org.hibernate.engine.jdbc.connections.internal.BasicConnectionCreator.createConnection(BasicConnectionCreator.java:61)
	at org.hibernate.engine.jdbc.connections.internal.DriverManagerConnectionProviderImpl$PooledConnections.addConnections(DriverManagerConnectionProviderImpl.java:499)
	at org.hibernate.engine.jdbc.connections.internal.DriverManagerConnectionProviderImpl$PooledConnections.<init>(DriverManagerConnectionProviderImpl.java:372)
	at org.hibernate.engine.jdbc.connections.internal.DriverManagerConnectionProviderImpl$PooledConnections$Builder.build(DriverManagerConnectionProviderImpl.java:550)
	at org.hibernate.engine.jdbc.connections.internal.DriverManagerConnectionProviderImpl.buildPool(DriverManagerConnectionProviderImpl.java:102)
	at org.hibernate.engine.jdbc.connections.internal.DriverManagerConnectionProviderImpl.configure(DriverManagerConnectionProviderImpl.java:82)
	at org.hibernate.boot.registry.internal.StandardServiceRegistryImpl.configureService(StandardServiceRegistryImpl.java:136)
	at org.hibernate.service.internal.AbstractServiceRegistryImpl.initializeService(AbstractServiceRegistryImpl.java:247)
	at org.hibernate.service.internal.AbstractServiceRegistryImpl.getService(AbstractServiceRegistryImpl.java:215)
	at org.hibernate.engine.jdbc.env.internal.JdbcEnvironmentInitiator.buildJdbcConnectionAccess(JdbcEnvironmentInitiator.java:395)
	at org.hibernate.engine.jdbc.env.internal.JdbcEnvironmentInitiator.getJdbcEnvironmentUsingJdbcMetadata(JdbcEnvironmentInitiator.java:262)
	at org.hibernate.engine.jdbc.env.internal.JdbcEnvironmentInitiator.initiateService(JdbcEnvironmentInitiator.java:107)
	at org.hibernate.engine.jdbc.env.internal.JdbcEnvironmentInitiator.initiateService(JdbcEnvironmentInitiator.java:68)
	at org.hibernate.boot.registry.internal.StandardServiceRegistryImpl.initiateService(StandardServiceRegistryImpl.java:130)
	at org.hibernate.service.internal.AbstractServiceRegistryImpl.createService(AbstractServiceRegistryImpl.java:263)
	... 72 common frames omitted
Caused by: org.postgresql.util.PSQLException: Connection to localhost:5433 refused. Check that the hostname and port are correct and that the postmaster is accepting TCP/IP connections.
	at org.postgresql.core.v3.ConnectionFactoryImpl.openConnectionImpl(ConnectionFactoryImpl.java:346)
	at org.postgresql.core.ConnectionFactory.openConnection(ConnectionFactory.java:54)
	at org.postgresql.jdbc.PgConnection.<init>(PgConnection.java:273)
	at org.postgresql.Driver.makeConnection(Driver.java:446)
	at org.postgresql.Driver.connect(Driver.java:298)
	at org.hibernate.engine.jdbc.connections.internal.DriverConnectionCreator.makeConnection(DriverConnectionCreator.java:40)
	... 87 common frames omitted
Caused by: java.net.ConnectException: Connexion refusée
	at java.base/sun.nio.ch.Net.pollConnect(Native Method)
	at java.base/sun.nio.ch.Net.pollConnectNow(Net.java:639)
	at java.base/sun.nio.ch.NioSocketImpl.timedFinishConnect(NioSocketImpl.java:543)
	at java.base/sun.nio.ch.NioSocketImpl.connect(NioSocketImpl.java:594)
	at java.base/java.net.SocksSocketImpl.connect(SocksSocketImpl.java:284)
	at java.base/java.net.Socket.connect(Socket.java:659)
	at org.postgresql.core.PGStream.createSocket(PGStream.java:243)
	at org.postgresql.core.PGStream.<init>(PGStream.java:98)
	at org.postgresql.core.v3.ConnectionFactoryImpl.tryConnect(ConnectionFactoryImpl.java:136)
	at org.postgresql.core.v3.ConnectionFactoryImpl.openConnectionImpl(ConnectionFactoryImpl.java:262)
	... 92 common frames omitted
2026-07-21 11:06:14 [main] INFO  c.p.service.impl.EleveServiceImpl - Suppression de l'élève ID: 5
2026-07-21 11:06:14 [main] INFO  c.p.service.impl.EleveServiceImpl - Création de l'élève: DUPONT Jean
2026-07-21 11:06:15 [main] INFO  c.p.service.impl.SecurityServiceImpl - Connexion réussie pour l'utilisateur: admin (rôle: ADMINISTRATEUR)
2026-07-21 11:06:15 [main] WARN  c.p.service.impl.SecurityServiceImpl - Tentative de connexion échouée pour le compte inexistant: inconnu
2026-07-21 11:06:15 [main] WARN  c.p.service.impl.SecurityServiceImpl - Accès refusé pour l'utilisateur admin (rôle: ADMINISTRATEUR). Rôles requis: [DIRECTEUR, PROFESSEUR]
2026-07-21 11:06:16 [main] WARN  c.p.service.impl.SecurityServiceImpl - Mot de passe incorrect pour l'utilisateur: admin
2026-07-21 11:06:16 [main] INFO  c.p.service.impl.SecurityServiceImpl - Déconnexion de l'utilisateur: admin
2026-07-21 11:06:17 [main] WARN  c.p.service.impl.SecurityServiceImpl - Tentative de connexion sur un compte désactivé: admin
2026-07-21 11:06:17 [main] INFO  c.p.d.DatabaseConnectionManager - Initialisation de la SessionFactory Hibernate...
2026-07-21 11:06:17 [main] INFO  c.p.d.DatabaseConnectionManager - Chargement des configurations depuis database.properties...
2026-07-21 11:06:17 [main] ERROR c.p.d.DatabaseConnectionManager - Échec de la création de la SessionFactory Hibernate.
org.hibernate.service.spi.ServiceException: Unable to create requested service [org.hibernate.engine.jdbc.env.spi.JdbcEnvironment] due to: Error calling Driver#connect [Connection to localhost:5433 refused. Check that the hostname and port are correct and that the postmaster is accepting TCP/IP connections.] [null]
	at org.hibernate.service.internal.AbstractServiceRegistryImpl.createService(AbstractServiceRegistryImpl.java:276)
	at org.hibernate.service.internal.AbstractServiceRegistryImpl.initializeService(AbstractServiceRegistryImpl.java:238)
	at org.hibernate.service.internal.AbstractServiceRegistryImpl.getService(AbstractServiceRegistryImpl.java:215)
	at org.hibernate.boot.model.relational.Database.<init>(Database.java:45)
	at org.hibernate.boot.internal.InFlightMetadataCollectorImpl.getDatabase(InFlightMetadataCollectorImpl.java:223)
	at org.hibernate.boot.internal.InFlightMetadataCollectorImpl.<init>(InFlightMetadataCollectorImpl.java:191)
	at org.hibernate.boot.model.process.spi.MetadataBuildingProcess.complete(MetadataBuildingProcess.java:170)
	at org.hibernate.boot.model.process.spi.MetadataBuildingProcess.build(MetadataBuildingProcess.java:129)
	at org.hibernate.boot.internal.MetadataBuilderImpl.build(MetadataBuilderImpl.java:449)
	at org.hibernate.boot.internal.MetadataBuilderImpl.build(MetadataBuilderImpl.java:101)
	at org.hibernate.cfg.Configuration.buildSessionFactory(Configuration.java:910)
	at org.hibernate.cfg.Configuration.buildSessionFactory(Configuration.java:960)
	at com.prisma.database.DatabaseConnectionManager.getSessionFactory(DatabaseConnectionManager.java:56)
	at com.prisma.database.DatabaseConnectionTest.setUp(DatabaseConnectionTest.java:21)
	at java.base/jdk.internal.reflect.DirectMethodHandleAccessor.invoke(DirectMethodHandleAccessor.java:104)
	at java.base/java.lang.reflect.Method.invoke(Method.java:565)
	at org.junit.platform.commons.util.ReflectionUtils.invokeMethod(ReflectionUtils.java:728)
	at org.junit.jupiter.engine.execution.MethodInvocation.proceed(MethodInvocation.java:60)
	at org.junit.jupiter.engine.execution.InvocationInterceptorChain$ValidatingInvocation.proceed(InvocationInterceptorChain.java:131)
	at org.junit.jupiter.engine.extension.TimeoutExtension.intercept(TimeoutExtension.java:156)
	at org.junit.jupiter.engine.extension.TimeoutExtension.interceptLifecycleMethod(TimeoutExtension.java:128)
	at org.junit.jupiter.engine.extension.TimeoutExtension.interceptBeforeAllMethod(TimeoutExtension.java:70)
	at org.junit.jupiter.engine.execution.InterceptingExecutableInvoker$ReflectiveInterceptorCall.lambda$ofVoidMethod$0(InterceptingExecutableInvoker.java:103)
	at org.junit.jupiter.engine.execution.InterceptingExecutableInvoker.lambda$invoke$0(InterceptingExecutableInvoker.java:93)
	at org.junit.jupiter.engine.execution.InvocationInterceptorChain$InterceptedInvocation.proceed(InvocationInterceptorChain.java:106)
	at org.junit.jupiter.engine.execution.InvocationInterceptorChain.proceed(InvocationInterceptorChain.java:64)
	at org.junit.jupiter.engine.execution.InvocationInterceptorChain.chainAndInvoke(InvocationInterceptorChain.java:45)
	at org.junit.jupiter.engine.execution.InvocationInterceptorChain.invoke(InvocationInterceptorChain.java:37)
	at org.junit.jupiter.engine.execution.InterceptingExecutableInvoker.invoke(InterceptingExecutableInvoker.java:92)
	at org.junit.jupiter.engine.execution.InterceptingExecutableInvoker.invoke(InterceptingExecutableInvoker.java:86)
	at org.junit.jupiter.engine.descriptor.ClassBasedTestDescriptor.lambda$invokeBeforeAllMethods$13(ClassBasedTestDescriptor.java:412)
	at org.junit.platform.engine.support.hierarchical.ThrowableCollector.execute(ThrowableCollector.java:73)
	at org.junit.jupiter.engine.descriptor.ClassBasedTestDescriptor.invokeBeforeAllMethods(ClassBasedTestDescriptor.java:410)
	at org.junit.jupiter.engine.descriptor.ClassBasedTestDescriptor.before(ClassBasedTestDescriptor.java:216)
	at org.junit.jupiter.engine.descriptor.ClassBasedTestDescriptor.before(ClassBasedTestDescriptor.java:85)
	at org.junit.platform.engine.support.hierarchical.NodeTestTask.lambda$executeRecursively$6(NodeTestTask.java:148)
	at org.junit.platform.engine.support.hierarchical.ThrowableCollector.execute(ThrowableCollector.java:73)
	at org.junit.platform.engine.support.hierarchical.NodeTestTask.lambda$executeRecursively$8(NodeTestTask.java:141)
	at org.junit.platform.engine.support.hierarchical.Node.around(Node.java:137)
	at org.junit.platform.engine.support.hierarchical.NodeTestTask.lambda$executeRecursively$9(NodeTestTask.java:139)
	at org.junit.platform.engine.support.hierarchical.ThrowableCollector.execute(ThrowableCollector.java:73)
	at org.junit.platform.engine.support.hierarchical.NodeTestTask.executeRecursively(NodeTestTask.java:138)
	at org.junit.platform.engine.support.hierarchical.NodeTestTask.execute(NodeTestTask.java:95)
	at java.base/java.util.ArrayList.forEach(ArrayList.java:1604)
	at org.junit.platform.engine.support.hierarchical.SameThreadHierarchicalTestExecutorService.invokeAll(SameThreadHierarchicalTestExecutorService.java:41)
	at org.junit.platform.engine.support.hierarchical.NodeTestTask.lambda$executeRecursively$6(NodeTestTask.java:155)
	at org.junit.platform.engine.support.hierarchical.ThrowableCollector.execute(ThrowableCollector.java:73)
	at org.junit.platform.engine.support.hierarchical.NodeTestTask.lambda$executeRecursively$8(NodeTestTask.java:141)
	at org.junit.platform.engine.support.hierarchical.Node.around(Node.java:137)
	at org.junit.platform.engine.support.hierarchical.NodeTestTask.lambda$executeRecursively$9(NodeTestTask.java:139)
	at org.junit.platform.engine.support.hierarchical.ThrowableCollector.execute(ThrowableCollector.java:73)
	at org.junit.platform.engine.support.hierarchical.NodeTestTask.executeRecursively(NodeTestTask.java:138)
	at org.junit.platform.engine.support.hierarchical.NodeTestTask.execute(NodeTestTask.java:95)
	at org.junit.platform.engine.support.hierarchical.SameThreadHierarchicalTestExecutorService.submit(SameThreadHierarchicalTestExecutorService.java:35)
	at org.junit.platform.engine.support.hierarchical.HierarchicalTestExecutor.execute(HierarchicalTestExecutor.java:57)
	at org.junit.platform.engine.support.hierarchical.HierarchicalTestEngine.execute(HierarchicalTestEngine.java:54)
	at org.junit.platform.launcher.core.EngineExecutionOrchestrator.execute(EngineExecutionOrchestrator.java:198)
	at org.junit.platform.launcher.core.EngineExecutionOrchestrator.execute(EngineExecutionOrchestrator.java:169)
	at org.junit.platform.launcher.core.EngineExecutionOrchestrator.execute(EngineExecutionOrchestrator.java:93)
	at org.junit.platform.launcher.core.EngineExecutionOrchestrator.lambda$execute$0(EngineExecutionOrchestrator.java:58)
	at org.junit.platform.launcher.core.EngineExecutionOrchestrator.withInterceptedStreams(EngineExecutionOrchestrator.java:141)
	at org.junit.platform.launcher.core.EngineExecutionOrchestrator.execute(EngineExecutionOrchestrator.java:57)
	at org.junit.platform.launcher.core.DefaultLauncher.execute(DefaultLauncher.java:103)
	at org.junit.platform.launcher.core.DefaultLauncher.execute(DefaultLauncher.java:85)
	at org.junit.platform.launcher.core.DelegatingLauncher.execute(DelegatingLauncher.java:47)
	at org.apache.maven.surefire.junitplatform.LazyLauncher.execute(LazyLauncher.java:56)
	at org.apache.maven.surefire.junitplatform.JUnitPlatformProvider.execute(JUnitPlatformProvider.java:184)
	at org.apache.maven.surefire.junitplatform.JUnitPlatformProvider.invokeAllTests(JUnitPlatformProvider.java:148)
	at org.apache.maven.surefire.junitplatform.JUnitPlatformProvider.invoke(JUnitPlatformProvider.java:122)
	at org.apache.maven.surefire.booter.ForkedBooter.runSuitesInProcess(ForkedBooter.java:385)
	at org.apache.maven.surefire.booter.ForkedBooter.execute(ForkedBooter.java:162)
	at org.apache.maven.surefire.booter.ForkedBooter.run(ForkedBooter.java:507)
	at org.apache.maven.surefire.booter.ForkedBooter.main(ForkedBooter.java:495)
Caused by: org.hibernate.exception.JDBCConnectionException: Error calling Driver#connect [Connection to localhost:5433 refused. Check that the hostname and port are correct and that the postmaster is accepting TCP/IP connections.] [null]
	at org.hibernate.exception.internal.SQLStateConversionDelegate.convert(SQLStateConversionDelegate.java:100)
	at org.hibernate.exception.internal.StandardSQLExceptionConverter.convert(StandardSQLExceptionConverter.java:58)
	at org.hibernate.engine.jdbc.spi.SqlExceptionHelper.convert(SqlExceptionHelper.java:108)
	at org.hibernate.engine.jdbc.connections.internal.BasicConnectionCreator.convertSqlException(BasicConnectionCreator.java:134)
	at org.hibernate.engine.jdbc.connections.internal.DriverConnectionCreator.makeConnection(DriverConnectionCreator.java:43)
	at org.hibernate.engine.jdbc.connections.internal.BasicConnectionCreator.createConnection(BasicConnectionCreator.java:61)
	at org.hibernate.engine.jdbc.connections.internal.DriverManagerConnectionProviderImpl$PooledConnections.addConnections(DriverManagerConnectionProviderImpl.java:499)
	at org.hibernate.engine.jdbc.connections.internal.DriverManagerConnectionProviderImpl$PooledConnections.<init>(DriverManagerConnectionProviderImpl.java:372)
	at org.hibernate.engine.jdbc.connections.internal.DriverManagerConnectionProviderImpl$PooledConnections$Builder.build(DriverManagerConnectionProviderImpl.java:550)
	at org.hibernate.engine.jdbc.connections.internal.DriverManagerConnectionProviderImpl.buildPool(DriverManagerConnectionProviderImpl.java:102)
	at org.hibernate.engine.jdbc.connections.internal.DriverManagerConnectionProviderImpl.configure(DriverManagerConnectionProviderImpl.java:82)
	at org.hibernate.boot.registry.internal.StandardServiceRegistryImpl.configureService(StandardServiceRegistryImpl.java:136)
	at org.hibernate.service.internal.AbstractServiceRegistryImpl.initializeService(AbstractServiceRegistryImpl.java:247)
	at org.hibernate.service.internal.AbstractServiceRegistryImpl.getService(AbstractServiceRegistryImpl.java:215)
	at org.hibernate.engine.jdbc.env.internal.JdbcEnvironmentInitiator.buildJdbcConnectionAccess(JdbcEnvironmentInitiator.java:395)
	at org.hibernate.engine.jdbc.env.internal.JdbcEnvironmentInitiator.getJdbcEnvironmentUsingJdbcMetadata(JdbcEnvironmentInitiator.java:262)
	at org.hibernate.engine.jdbc.env.internal.JdbcEnvironmentInitiator.initiateService(JdbcEnvironmentInitiator.java:107)
	at org.hibernate.engine.jdbc.env.internal.JdbcEnvironmentInitiator.initiateService(JdbcEnvironmentInitiator.java:68)
	at org.hibernate.boot.registry.internal.StandardServiceRegistryImpl.initiateService(StandardServiceRegistryImpl.java:130)
	at org.hibernate.service.internal.AbstractServiceRegistryImpl.createService(AbstractServiceRegistryImpl.java:263)
	... 72 common frames omitted
Caused by: org.postgresql.util.PSQLException: Connection to localhost:5433 refused. Check that the hostname and port are correct and that the postmaster is accepting TCP/IP connections.
	at org.postgresql.core.v3.ConnectionFactoryImpl.openConnectionImpl(ConnectionFactoryImpl.java:346)
	at org.postgresql.core.ConnectionFactory.openConnection(ConnectionFactory.java:54)
	at org.postgresql.jdbc.PgConnection.<init>(PgConnection.java:273)
	at org.postgresql.Driver.makeConnection(Driver.java:446)
	at org.postgresql.Driver.connect(Driver.java:298)
	at org.hibernate.engine.jdbc.connections.internal.DriverConnectionCreator.makeConnection(DriverConnectionCreator.java:40)
	... 87 common frames omitted
Caused by: java.net.ConnectException: Connexion refusée
	at java.base/sun.nio.ch.Net.pollConnect(Native Method)
	at java.base/sun.nio.ch.Net.pollConnectNow(Net.java:639)
	at java.base/sun.nio.ch.NioSocketImpl.timedFinishConnect(NioSocketImpl.java:543)
	at java.base/sun.nio.ch.NioSocketImpl.connect(NioSocketImpl.java:594)
	at java.base/java.net.SocksSocketImpl.connect(SocksSocketImpl.java:284)
	at java.base/java.net.Socket.connect(Socket.java:659)
	at org.postgresql.core.PGStream.createSocket(PGStream.java:243)
	at org.postgresql.core.PGStream.<init>(PGStream.java:98)
	at org.postgresql.core.v3.ConnectionFactoryImpl.tryConnect(ConnectionFactoryImpl.java:136)
	at org.postgresql.core.v3.ConnectionFactoryImpl.openConnectionImpl(ConnectionFactoryImpl.java:262)
	... 92 common frames omitted
